0,프리바이오틱(이소말토올리고당),프리바이오틱스 체내 효소 분해 되지 않기 흡수 되지 않고 도달 하는 올리고당 장내 미생물 먹이 사용 되어 장내 균총 개선 시키는 보고 되고
1,글루코아밀라아제,글루코아밀라아제는 α-14 결합을 순서대로 가수분해할 뿐만 아니라 α-16 결합도 가수분해할 수 있다 전분 분해 효소는 비정제 효소 (crude enzyme) 또는 정제 효소 (purified enzyme)의 형태로 시중에서 판매하고 있다
2,헤미셀룰라아제,헤미셀룰라아제는 빵 반죽의 끈적거림을 감소시키고 빵 의 부피와 내부 구조를 향상 시키며 저장수명의 증가 노화 의 감소에 관한 연구 등에 많이 이용되고 있다(6-12)
3,아밀라아제,무에 있는 디아스타제 효소와 아밀라아제 효소는 음식물의 소화를 돕고 장 기능을 원활하게 하는 효능이 있습니다 이러한 이유로 과식으로 속이 더부룩할 때 무를 먹으면 위가 편해지면서 소화가 잘 되는 현상을 느낄 수 있습니다 단 소화 촉진을 목적으로 무를 생으로 먹어야 합니다
4,프로테아제,프로테아제 포스 파타 억제제 칵테일 단백질 분해 단백질 탈 산화 방지 세포 용해 단백질 추출 검체 준비 단백질 활 성 상태 유지 합니다 세포소기관 분획 단백질 농축 통해 단백질 체학 연구 단백질 식별 연구 할 있습니다
5,세라펩타아제,세라 펩 단백질 분해 하는 성능 매우 뛰어납니다 효능 사람 섭취 할 경우 몸 안 변성 단백질 세포 분해 제거 하는 효과 있는 알려졌습니다
6,프리바이오틱(이소말토-올리고당),프리바이오틱스 체내 효소 분해 되지 않기 흡수 되지 않고 도달 하는 올리고당 장내 미생물 먹이 사용 되어 장내 균총 개선 시키는 보고 되고
7,나토키나아제,나토 키나제 강력한 혈전 분해 능력 프로 유로 키나제 활성화 능력 혈전 형성 막고 혈관 폐색 치료 합니다 콜레스테롤 중성 지방 제거 하여 고지혈증 개선 시키는 효과 있습니다 일반 다한 콜레스테롤 동맥경화 뇌경색 심근경색 일으키는 요인 됩니다
8,damiana (잎),다미아나 잎은 생식기 영역으로의 혈류를 증가시켜 발기를 촉진하는 기능이 있기 때문에 천연 최음제로 사용되며 마야 인디언을 포함한 멕시코 원주민의 성적 능력을 향상시키고 남성과 여성의 성적 자극 에너지 천식 우울증 발기부전 및 월경 문제에 사용되었습니다
9,fenugreek (종자),호로 ​ 파 여성 성 호르몬 에스트로겐 유사한 화학 물질 디오스 닌 에스트로겐 소 플 본이 들어있어 유방 발육 촉진 폐경기 증상 줄이는데 도움 될 있으며 호로 파 함유 된 트리 넬린 비타민 B 3 매우 유사한 구조 가진 알칼로이드 항균 항 바이러스 지질 강하 혈당
10,blessed thistle (잎),Blessed Thistle 은 칼륨 나트륨 충분히 함유 되어 있는 허브 월경 무 월경 관절염 배뇨 장애 황달 발열 호흡기 알레르기 질환 치료 하는데 탁월한 효능
11,fennel (종자),회향 씨앗 완하제 작용 하여 깨끗이 하는 도움 되지만 자극 효과 장의 적절한 연동 운동 유지시 켜 배설 촉진 도움 됩니다 회향 복통 과민성 대장 증후군 ( IBS ) 문제 치료 하는 의약품 흔히 발견 됩니다
12,pueraria mirifica (뿌리),P mirifica는 갱년기여성에 대하여 에스트로겐 대체요법으로 사용되고 있으며 Red Kwao Krua (B superba) 와 Black Kwao Krua (M collettii)는 남성의 성기능 증진 및 발기부전 예방 및 치료에 사용되고있다(Suntara 1931)
13,wild yam (뿌리),와일드얌은 소화기 및 신장 질환에 도움이 되고 항염 효과도 있다고 연구된 바 있습니다 서양에서 와일드얌 (Dioscorea villosa)의 뿌리는 전통적으로 류마티즘을 경감시키는데 사용되었으며 식물성 에스트로겐 성분을 함유한다는 것이 밝혀져 여성질환 치료에도 사용되었습니다
14,커민 (뿌리),커민은 비타민E 비타민C 베타카로틴을 함유하고 있어서 피부미용과 노화방지 혈액순환을 하는 항산화 작용!! 커민의 오일은 피부 곰팡이 미생물 감염 제거 도움 세포 노화를 막고 면역력을 높이는 피부와 혈관의 안티에이징!! 면역 소염 진통 효과 관절염에 좋아요
15,홉스 (꽃),홉스가 맥주의 원료로 쓰여지기 전에는1천여년 동안 신경안정제 및이밖에 항생제여성호르몬 대체성분항염작용혈당저하 및갑상선 기능에도 작용한다는 사실들이 보고되고 있다
16,mk-4(메나퀴논-4),MK-4는 비타민 K1이 전환된 것으로 K1과 마찬가지로 혈액 비타민 K의 수준을 속히 증진시키지만 생체이용률이 낮다 Mk-7은 K2의 수준을 오래 지속되도록 하며 생체이용률이 MK-4보다 훨씬 높다
17,mk-7(트랜스 메나퀴논-7),혈관 신장 뇌 연조직 칼슘 침착 되는것을 막아주는 조절 단백질 입니다 반대 뼈 칼슘 운반 촉진 시키고요
18,리파아제,리파아제 ( Lipase ) 는 중성 지방 분해 하는 소화효소 췌장 생 성 십이지장 분비 되요 췌장 세포 손상 되거나 췌관 막히면 리파아제 배출 되지 못 하여 혈중 농도 증가
19,타우린,타우린 무독 성 성인병 알코올 중독 스트레스 같은 병 효능 좋습니다 술 드시고 나서 해산물 들어있는 음식 드시면 알코 울도 분해 간도 보호 된다고 합니다 타우린 뇌 기능 도와줘서 혈압 안정 시키고 뇌졸중 예방 도움 됩니다
20,알파리포산,​ 알 파리 포산 암 심장병 당뇨병 같은 질병 근본 원인 세포 손상 늦추는데 도움 될 있습니다 신체 비타민 E 비타민 C 같은 필수 비타민 수치 회복하고 신체 소화 에너지 활용 탄수화물 분자 소화 활용 하도록 도와줍니다
21,바나듐(바나딜 황산염),바나듐은 뼈와 치아 형성에도 필요하며 결핍시 불임과 유아 사망 성장 지연 뼈 기형과 관련이 있습니다 일부 연구에 따르면 바나듐은 콜레스테롤 수치를 낮추어 심혈관 질환 발병을 예방하는것으로 나타났습니다
22,바나듐 (bmov로서),바나듐은 뼈와 치아 형성에도 필요하며 결핍시 불임과 유아 사망 성장 지연 뼈 기형과 관련이 있습니다 일부 연구에 따르면 바나듐은 콜레스테롤 수치를 낮추어 심혈관 질환 발병을 예방하는것으로 나타났습니다
23,키토산(해양섬유소농축물),간기능 개선·혈당조절 등 다방면 효과■간기능 강화 및 개선 (비만 지방간 고지혈증의 개선)  ■당뇨병의 개선 및 예방  ■ 혈압 조절 작용  ■ 항암 작용과 항암 치료의 부작용 개선  ■ 혈중 콜레스테롤 농도 제어  ■ 다이어트 효과  ■ 중금속 다이옥신등 오염물질 배설  ■ 숙취 해소
24,리파아제프로바이오틱/프리바이오틱혼합물이눌린,눌린 지방 생 성 영향 주는 효소 생 성 감소 시키고 근육 지방 분해 하는 효소 증가 시킨다 자가면역질환 비만 억제 하는 쇄 지방산 생 성 돕고 몸속 콜레스테롤 제거 해 고혈압 심장병 대사 질환 예방 하는 효과
25,엘더베리 추출물,엘더베리는 다양한 영양성분과 항산화성분으로 항산화와 항바이러스 효과가 매우 뛰어납니다 기침과 감기 치료에 효과적이며 염증을 완화시키는 소염효과도 가지고 있습니다 신체 전반의 면역력을 높여 줌으로써 다양한 질병을 예방하는 효과를 가지고 있습니다
26,프로바이오틱혼합물(500억cfu‡)사카로미세스보울라디,사카로미세스 보울라디는 프로바이오틱스의 일종으로 박테리아가 아닌 효모균이기 때문에 고온과 산성환경에서도 생존하는 강인한 생존력을 특징으로 합니다 때문에 크론병 궤양성 대장염 등의 매우 악화된 장내 환경에서도 생존합니다
27,바실러스코아귤런스,사람들은 바실러스 코아귤런스를 설사 아이들에게서 발생하는 로타바이러스 감염에 의한 설사같이 감염에 의한 질환 치료 목적으로 쓰고 있습니다 (보통) 여행자들에게서 발생하는 설사와 식중독에 의한 설사에 쓰죠 바실러스 코아귤런스는 일반적인 소화 불량에도 쓰이고 있습니다
28,락토바실러스플란타럼,락토바실러스 플 란 럼 방법 유해 균 억 제해 뮤신 점액 분비 자극 하여 장벽 보호 유해 균 성장 방해 점막 점착 하여 박테리아 유해 물질 안쪽 침투 하지 못 하도록 막고 장의 염증 면역 력 향상 시켜요
29,락토바실러스파라카제이,락토바실러스 파라 카제 KBT 2005 는 인체 물체 체내 장내 유해한 성질 나타내는 종 병원 성 미생물 생육 효과 억제 산성 담즙산 염 대한 분해 기능 있기 식품 의약품 사료 첨가제 동물 약품 광범위하게 사용 될
30,락토바실러스람노서스,락토바실러스 람노서스 산성 강해 정착 력 높은 균 유해 균 침입 억 제해 면역 조절 효과 뛰어나다 독성 물질 감소 시키고 면역체계 도움 줘 아토피 알레르기 면역 질환 개선 효과
31,락토바실러스카제이,락토바실러스 카제이(Lcasei) 균은 정장작용과 소화작용을 돕고 항암효과와 면역 강화 기능을 합니다 락토바실러스 애시도필러스(Lacidophilus) 균은 혈중 콜레스테롤 감소와 면역 강화 변비 개선 기능이 있습니다
32,비피도박테리움락티스,비피 도박 테리 움 락티스 글리 딘 의한 손상 억제 소화 장애 개선 도와줘요 유당 소화 유당 불 내증 증상 완화 할 있어요 영양소 소화 지원 장내 비타민 미네랄 흡수 작용
33,비피도박테리움브레브,CHAPTER 2 : 비피도박테리움 브레브(Bifidobacterium breve)성인의 알레르기 및 아토피피부염 완화대장염및 과민성 장증환 완화기능성 변비로 인해 변을 자주 보는 것을 개선대장내 음식물 찌꺼기 및 비소화성 식이섬유를 분해
34,비피도박테리움비피덤,비피더스균 불리는 비피 도박 테리 움 주로 대장 역할 하는 균 대장균 증식 억제 운동 배변 활동 강화 효능 비피 도박 테리 움 롱 검은 유해 균 억제 효과 큰 균 장염 과민성 대장 증후군 개선 도움 된다
35,락토바실러스애시도필러스,특히 락토바실러스 애시도필러스는 질 내 산성 환경을 유지하며 외부로부터 들어오 유해균을 억제하고 유익균을 증가시키는 역할을 해요 이러한 작용은 질염 예방 및 치료에 효과적이기 때문에 여성들이 섭취하면 건강 관리에 좋아요
36,락토바실러스퍼멘텀,Lactobacillus fermentum JS ( KCCM 10499 ) 균 주는 혈당 강하 항산화 산화 지질 생 성 억제 콜레스테롤 저하 효능
37,락토바실러스가세리,락토바실러스 가세 지방 섭취 인한 염증 예방 혈당 수준 억제 하며 당뇨병 증상 개선 인슐린 수치 감소 시키는 능력 입증 했습니다 락토바실러스 가세 눌린 병용 하여 고지혈증 환자 콜레스테롤 LDL 콜레스테롤 중성 지방 감소 시켰습니다
38,락토바실러스헬베티쿠스,발명 류마티스 관절염 예방 효능 갖는 락토바실러스 헬베티 쿠스 ( Lactobacillus helveticus ) HY 7801 이를 유효 성분 함유 하는 제품 관 류마티스 관절염 비롯 염증 성 질환 치료 예방 항 염증 효능 학적 조성 물 발효 유
39,비피도박테리움롱검,비피 도박 테리 움 롱 검은 유해 균 억제 효과 큰 균 장염 과민성 대장 증후군 개선 도움 되는 균 운동 배변 활동 강화 효능 있으며 대장 비피 도박 테리 움 롱검 많은 알레르기 발병 적다는 연구
40,락토바실러스존소니,장관 흡착능 등을 비롯한 프로바이오틱 활성이 우수한 Lactobacillus johnsonii PF01의 배양상등액을 황산암모늄으로 70% 농축한 후에 항균능을 조사한 결과 황색포도상구균을 억제하는 활성을 나타내었다
41,락토바실러스크리스파투스,제품 배합 되어 있는 유산균 크리스 파투 스균 ( Lactobacillus crispatus ) KT - 11 하는 유산균 크리스 파투 스균 여성 산도 많이 존재 하는 진귀한 유산균 종 여성 감염증 보호 하는 역할 하고
42,락토바실러스불가리쿠스,락토바실러스 불가리쿠스는 다른 유능한 프로바이오틱스와의 상호작용으로 장내 세균총 균형을 유지하고 변비 설사 장염 위장장애 등 장 질환 개선에 효과적인 작용을 해요 락토바실러스 불가리쿠스가 포함된 프로바이오틱스를 섭취하면 장 건강을 지킬 수 있어요
43,비피도박테리움서브틸리스,이스라엘 히브리대학교 하다르 키멜만 연구팀에 따르면 바실러스 서브틸리스는 식중독에 의한 설사를 유발하는 황색포도상구균에 대한 강한 항균 활성을 보여 감염과 설사 증상을 감소시켰다 비피도박테리움 계열의 균주는 대장염에도 도움을 줄 수 있다
44,비피도박테리움클라우시이,대장 필요한 비 피더 스균 비피더스균 불리는 비피 도박 테리 움 주로 대장 역할 하는 균 대장균 증식 억제 운동 배변 활동 강화 효능 비피 도박 테리 움 롱 검은 유해 균 억제 효과 큰 균 장염 과민성 대장 증후군 개선 도움 되는 균
45,파이토세라마이드,효능별 영양제장 건강간 건강위 건강전립선 건강인기메뉴관절/연골 건강뼈 건강혈행 개선콜레스테롤 개선더보기
46,유기농 브로콜리 새싹,브로콜리 설포 인해 면역 력 증강 효과 항 암 효과 도움 되고 인지 기능 향상 브로콜리 새싹 분말 효능 보인다 브로콜리 새싹 분말 부작용 하루 권장 섭취 량 넘어 브로콜리 새싹 섭취 할 경우 가스 인한 복부 팽 감 변비 증상 있을
47,유기농 클로렐라 추출물,클로렐라는 염수에서 생활하는 남조류인 스피루리나와는 구분할 필요가 있다균형 잡힌 영양 공급원  뛰어난 엽록소 섭취 자원  체액의 알칼리화  클로렐라의 CGF 효능  면역계를 강화  중금속의 해독 작용  종양억제 작용  혈중 콜레스테롤치 저하
48,벤토나이트 점토,벤토나이트 점토 제습제가100 % 천연 성분으로 절대 안전성 환경 친화적인 건조제이다 벤토나이트 점토 제습제 팩의 효능은 제품 포장 층 내부의 수분을 흡수하고 습기로 인한 영향으로부터 제품을 보호하는 것이다
49,휴믹산,[휴믹산의 기능]식물체의 대사를 활성화시켜 초세회복에 빠른효과작물 뿌리 활착이 좋아지며 식물의 생육을 증진천연칼륨 및 다량의 미량요소가 함유되어 생산량 증가와 상품성 향상양이온 치환능력(CEC)향상으로 토양산도의 중화작용
50,풀빅산,[풀빅산의 기능]양분흡수 증진 뿌리의 인산흡수 기능을 촉진시켜 다른 다량원소의 요구를 높여주므로  에너지대사 증진 광합성 및 호흡등 에너지대사를 증진시킵니다효소활성 증진  세포막 투과성 증진  양분가용성 증진  토양구조 개선  미생물 밀도증진  양이온 치환용량 증진더보기
51,강황추출물(뿌리줄기 커큐민 95%로 표준화),강황 뿌리에서 추출되는 폴리페놀 성분인 커큐민은 강력한 항산화 효능을 가져 해로운 활성산소를 없앤다 면역 기능 저하는 물론 당뇨병 치매 등 다양한 질병과 연관된 산화 스트레스로부터 우리 몸을 보호한다 커큐민은 암을 예방하고 치료하는 데에 효과가 있는 것으로 알려졌다
52,강황추출물(뿌리줄기),강황 뿌리에서 추출되는 폴리페놀 성분인 커큐민은 강력한 항산화 효능을 가져 해로운 활성산소를 없앤다 면역 기능 저하는 물론 당뇨병 치매 등 다양한 질병과 연관된 산화 스트레스로부터 우리 몸을 보호한다 커큐민은 암을 예방하고 치료하는 데에 효과가 있는 것으로 알려졌다
53,강황(뿌리줄기),강황 옛날 현지 숙취 해소 내장 피로 완화 민간요법 애용 되어 왔다 강황 기능 강화 건강 작용 생활 습관 병 좋다고 하는 뿌리줄기 함유 된 강황 특유 황색 색소 ( 커큐민 ) 알려져
54,발효생강뿌리,연구팀은 우리가 흔히 쓰는 생강에 먹을 수 있는 미생물을 더해 발효시키면 천연 식품만으로도 인지 기능 개선에 효과가 있다고 설명했습니다 또 기억력을 회복시키는 것은 물론 치매나 뇌 질환 억제에도 발효 생강이 도움이 될 것으로 기대했습니다
55,스테파니아(stephania tetandra)뿌리추출물,촉규근이라고도 불리는 접시꽃 뿌리에서 추출 분리된 접시꽃 뿌리 추출물은 피부 속 수분을 유지시키는 에몰리엔트 기능으로 피부 보습력을 향상시키고 외부의 유해물질의 활성을 막고 항염 항바이러스 등의 기능으로 트러블 피부 개선에도 도움을 줄 수 있다
56,아슈와간다추출물(뿌리 및 잎),지금 연구 통해 아쉬와 간다 섭취 이점 대해 살펴보았는데요 아쉬와 간다 오늘 소개 해드린 이점 면역 조절 신경 보호 항산화 항염 항암 다양한 이점 보고 되어 학계 주목 받고 있는 건강 소재 입니다
57,발효민들레잎,각기 수종 천식 기관지 임파선 염 위염 감염 늑막 염 담낭염 좋으며 요로 감염 결핵 소화 불량 좋은 효험 있다고 하네요 민들레 잎 줄기 실리 마린 성분 다량 함유 되어 있어요 실리 마린 성분 간세포 손상 막아주고 세포 생 성 촉진 시켜 준다고 하네요
58,발효페퍼민트잎,페퍼민트는 해열
59,발효영지버섯(자실체),또한 영지버섯은 성질이 약간 차고 맛은 쓰면서 달며 한방에서 영지버섯은 이뇨 해독 항균 진통 신경쇠약 불면증 위궤양 등에 효능이 있다고 보고 있다 또한 면역력을 높이고 피를 맑게 하며 혈액의 흐름이 원활하도록 돕고 피로회복에 효과가 있는 것으로 알려져 있다
60,발효애플사이다식초,사과식초효능에 대해서 자세히 알아보면 애플사이다비니거의 아세트산 성분은 꾸준한 섭취시 체중 체질량지수(BMI) 및 내장지방 면적 감소에 도움이 될 수 있고 폴리페놀 성분은 체내에 유해한 활성산소를 감소시켜 만성염증이나 노화예방에 도움이 될 수 있다고 합니다
61,락토바실러스 루테리,락토바실러스 애시도필러스(Lacidophilus) 균은 혈중 콜레스테롤 감소와 면역 강화 변비 개선 기능이 있습니다 락토바실러스 루테리(Lreuteri) 균은 항균물질을 합성해 유해균의 생장을 억제하며 여성의 질염에도 효과가 있습니다
62,락토바실러스 파라카제이,락토바실러스 파라 카제 KBT 2005 는 인체 물체 체내 장내 유해한 성질 나타내는 종 병원 성 미생물 생육 효과 억제 산성 담즙산 염 대한 분해 기능 있기 식품 의약품 사료 첨가제 동물 약품 광범위하게 사용 될
63,콜린(바이타트레이트),수술전후 회복기 환자와 스트레스 상태와 관련 항생제·이뇨제의 보조요법 간질환 수용성 비타민의 흡수·섭취를 방해하는 위장관장애 지속성 또는 소모성 질환 당뇨병 화상 골절 중증(심한증상)감염 심리적 장애에 효능효과가 있는 것으로 돼 있다
64,유기농아슈와간다추출물(뿌리 및 잎),아쉬와간다에 대해 제기되는 다른 혜택들은 다음과 같습니다불안과 우울증으로 이어질 수 있는 스트레스 증상 감소남성의 생식력 증가불면증 환자의 수면을 도움근육량 근력 지구력 활력 증가염증 감소(예: 골관절염으로 인한 연골 손상 예방을 도움)더보기
65,쇠뜨기추출물(천연추출물 equisetum ravens),쇠뜨기는 당뇨와 관련된 연구도 많으며 이뇨효과를 가지고 있어 혈압에도 도움을 줄 수 있습니다 쇠뜨기 추출물 섭취시 당뇨증상에 도움을 줄 수 있다는 임상연구와 동물실험등이 존재하며 쇠뜨기 추출물의 이뇨작용은 이뇨제등과 견줄 수 있을 정도로 뛰어나다는 평입니다
66,쏘팔메토co2추출물(과일),쏘팔메토 추출물(Serenoa repens)은 톱야자나무의 열매 추출물로 전립선 세포의 증식속도를 둔화시켜 전립선비대증 완화에 도움을 주는 것으로 알려져 알려져 최근 국민들의 관심이 높다
67,유기농히말라야실라짓추출물,실라짓 추출물의 간헐적인 섭취도 당뇨병 심장질환 성능력 저하 골다공증 류머티즘 관절염 퇴행성 관절 질환 및 치매 등과 같은 노화 퇴행성 질환의 발생 가능성을 상당히 줄여 줍니다
68,케라틴,케라틴 모발 ㆍ 피부 ㆍ 손톱 발견 되는 단백질 일종 피부 ㆍ 모발 ㆍ 손톱 튼튼하게 유지 상처 치유 돕는 알려졌다 탈모 예방 ㆍ 피부 결 개선 위해 케라틴 보충 따로 복용 하는 사람 있지만 계란 일부 식품 체내 케라틴 합성 조력자 역할 한다
69,bioperine®(흑후추추출물(piper nigrum) 열매),피부 : 피페린 자유 라디칼 손상 피부 보호 피부 색소 침착 주름 노화 줄이는 항산화제 간주 됩니다 해독 효과 : 검은 후추 추출 물 땀 소변 많이 배출 하는 도움 되며 이는 신체 독소 제거 박테리아 바이러스 침입 맞서 싸웁니다
70,이노시톨,[이노시톨 효능] 가임기 여성이라면 필수 이노시톨의 3인슐린 저항성 개선배란 유도 기간 감소규칙적인 월경 유도
71,콜린(해바라기추출물),콜린은 지방 대사에 관여하여 지방간이나 혈중 과다 지방 상태를 예방하는 데 유용한 물질입니다 더불어 콜린의 효율적인 지방 대사는 더 높은 수준의 포만감과 관련이 있어 전반적인 체중 감소에도 도움을 주는데요
72,프로바이오틱 혼합물(10억cfu) l. 불가리쿠스,락토바실러스 불가리쿠스는 다른 유능한 프로바이오틱스와의 상호작용으로 장내 세균총 균형을 유지하고 변비 설사 장염 위장장애 등 장 질환 개선에 효과적인 작용을 해요 락토바실러스 불가리쿠스가 포함된 프로바이오틱스를 섭취하면 장 건강을 지킬 수 있어요
73,b. 비피덤,대장 필요한 비 피더 스균 비피더스균 불리는 비피 도박 테리 움 주로 대장 역할 하는 균 대장균 증식 억제 운동 배변 활동 강화 효능 비피 도박 테리 움 롱 검은 유해 균 억제 효과 큰 균 장염 과민성 대장 증후군 개선 도움 되는 균
74,오메가3(미세조류추출물),국내 몸 속 콜레스테롤 나쁜 지방 없애주고 혈행 개선 기억 력 향상 눈 건강 도움 있다고 알려져 있으며 시중 참치 고등어 생선 추출 동물성 오메가 3 제품 많이 나와있다
75,코엔자임q-10(coq10),코큐텐의 경우 활성산소 제거 효과가 탁월하여 심혈관계 질환의 예방 및 치료 면역기능 강화 노화방지 목적으로 전세계에서 널리 사용되고 있다 이 성분은 혈관이나 인체 기관의 손상을 가져오는 활성산소와 싸우는 강력한 항산화 기능을 갖고 있다
76,보론(아미노산킬레이트),보론의 건강효과는 크게 3가지이며 뼈 건강 항암(특히 전립선 자궁 경부 폐) 건강한 노화입니다
77,미량 미네랄(해수),해수 마그네슘 브롬 요오드 해수 특유 성분 신경증 자율신경 성 균형 장애 심장 혈관 계통 기능 장애 효과 내는 알려져있다 미네랄 신진대사 돕는 효능 있다고 한다
78,바나듐설페이트,바나딜 설페이트는 시험 관내 및 동물 모델의 당뇨병 고혈당증 및 인슐린 저항성을 감소시키는 것으로 밝혀진 바나듐의 산화 형태이다
79,발효브로콜리(통식물),100%물부터 100% 에탄올까지 4개의 분획으로 구분하여 실험하였으며 각각의 분획에 대한 항산화 효과를 확인하였다 그 결과 발효한 브로콜리와 발효하지 않은 브로콜리 모두 50%에탄올 분획에서 특이적인 항산화 효과를 보이는 것을 확인할 수 있었다
80,발효당근(뿌리),즉 알코올발효가 끝난 발효액으로 '당근 천연식초'를 만드는 것이랍니다 당근은 주황빛깔로 우리식탁에서 부재료로 많이 쓰이고 있습니다 강력한 항산화 기능을 한다고 하니 면역력증강과 암예방에도 좋겠지요
81,발효크랜베리(열매),크랜베리는 일찍이 요로감염의 예방 및 치료에 활용되어 왔으며 국내에서도 여성에게 좋은 성분 방광염에 좋은 성분으로 널리 알려져 있는데요 이는 크랜베리에 함유된 '프로안토시아니딘'이라는 성분이 유해균이 요로점막에 흡착되는 것을 억제하기 때문이죠
82,발효생강(뿌리),또한 생강을 발효시키면 유산균 등의 선인균(장내 세균총의 밸런스를 개선하는 생균)이 증가하게 되는 장점도 있다◇ 발효 생강의 7가지 장점  ◎ 몸을 따뜻하게 해준다  ◎ 면역력을 높여준다  ◎ 항산화 작용을 돕는다  ◎ 변비를 개선해준다  ◎ 바이러스를 물리친다  ◎ 소화를 돕는다
83,발효케일(잎),"풍부한 녹색잎 영양소 집합 ""케일 효능""케일 효능당뇨 예방심장 질환 예방항암 효과뼈 건강 증진탈모 예방피부 미용과 노화방지시력 향상"
84,발효석류(열매),뽕나무 열매는 간을 보하고 신장을 이롭게 하며 몸을 시원하게 하고 지해(止咳)의 효능이 있다 또 소갈 변비 눈이 침침하고 귀가 울리는 것 관절이 불편한 것 등을 치료한다 『향약대사전』
85,발효라즈베리(열매),'안토시아닌'  '타닌' 등의 다양한 플라보노이드 성분이 #암  #노화  #염증  #신경  #퇴행성질환 에 도움을 주는데요 특히 #활성산소 로 인한 유전자손상을 막아주는 '안토시아닌'  '카테킨'이 함유되어 있어 #암예방 에 좋다고 해요
86,루틴(블랙올리브추출물),루틴은 혈관의 저항력을 향상시켜 고혈압이나 동맥경화 뇌출혈 당뇨병 등 성인병을 예방하는 효과가 있다 또 메밀에는 술의 해독을 돕는 콜린 성분이 들어 있어 숙취해소에 좋다 메밀은 피부미용에도 좋은 식품이다 메밀에 들어 있는 시스틴 성분은 피부생성을 활성화하고 노화를 방지한다
87,보론(아미노산킬레이트추출물),보론의 건강효과는 크게 3가지이며 뼈 건강 항암(특히 전립선 자궁 경부 폐) 건강한 노화입니다
88,코엔자임q10(coq10),코큐텐 경우 활성산소 제거 효과 탁월하여 심혈관계 질환 예방 치료 면역 기능 강화 노화 방지 목적 전세계 널리 사용 되고 성분 혈관 인체 기관 손상 가져오는 활성산소 싸우는 강력한 항산화 기능 갖고
89,아스타잔틴(해조류추출물),[아스타잔틴 효능] 눈 건강부터 항산화까지 아스타잔틴의 효능 3가지안구 건조증 개선DNA 손상 개선염증 및 수축기 혈압 감소
90,라이코펜(토마토추출물),토마토 추출 물 Solanum lycopersicum ( tomato ) fruit Ext 보습 력 항산화 력 멜라닌 색소 침착 억 제해 미백 효과 우수하며 항산화작용 유해 산소 없애 줍니다 항산화물질 라이코펜 몸속 쌓인 유해 산소 제거 함 질병 예방 치료 합니다
91,제아잔틴(금잔화추출물),금잔화 추출 물 99% 함유 망막 황반 색소 보충 해줘 백내장 예방 눈 건강 효과 눈 좋게 해준다고 주장 하는 건강 식품 적지 않다 예전 간유 좋다고 해서 제품 나온 있었고 결명자 마시는 사람
92,미량미네랄(해수추출물),이 미량 미네랄은 대사를 촉진하는 갑상선 호르몬 생산 및 체중 조절에 중요한 역할을 하므로 우리 몸에 반드시 필요한 영양소입니다 임산부와 유아는 특히 요오드를 충분히 섭취해야 합니다 이 미네랄은 태아 및 유아의 발달—특히 뼈와 뇌의 발달을 촉진하는 역할을 합니다
93,빌베리추출물(열매),[약업신문]눈의 피로 개선에 도움을 줄 수 있는 '빌베리추출물' 안토시아닌이 풍부한 '빌베리추출물'은 눈 건강에 도움을 준다 안토시아닌(또는 안토시아노사이드)은 항산화 작용으로 혈관을 보호하고 미세혈관의 혈액순환을 개선해 눈에 혈액과 영양 공급을 원활하게 한다
94,사프란추출물(꽃),사프란 지혈 생리 불순 냉증 진정 효과 뛰어나고 스트레스 불안 증 ADHD 정신질환 효능 보이는 알려져 연구 결과 정신 약리학 널 ( Journal of Psychopharmacology ) 게재 됐다
95,감마아미노뷰티릭산(gaba),GABA 는 뇌 혈류 개선 산소 공급 증가 뇌 세포 기능 촉진 시켜 신경 안정 작용 하며 스트레스 해소 기억 력 증진 혈압 저하 우울증 완화 중풍 치매 예방 불면 비만 갱년기 장애 효과 있는 알려져 기능성식품 의약품 제품 개발 활발히 추진 되고
96,해양 콜라겐 펩타이드 i,연구 결과 콜라겐 펩타이드 투여 비만 대조군 비해 체중 증 감소 혈액 조직 활성산소 농도 감소 조직 산화 스트레스 완화 된 나타났다
97,유기농 암라 베리(phyllanthus emblica),암라 섭취 관절염 통증 통풍 완화 시킨다는 과학 문헌 제시 되어져 왔습니다 많은 약리학 연구 암라 추출 물이 항산화 항암 항 종양 항 유전자 독성 항 통풍 항 염증 작용 가진다는 보여주었고 전통 사용 지지 합니다
98,유기농 대나무 실리카,대나무 줄기에 다량 함유되어 있는 실리카는 피부 머리카락 손톱 콜라겐을 형성하는 필수 무기성분으로 피부에 탄력성 증진 및 뼈의 건강 증진에 도움을 주는 물질로 알려져 있다 [30]
99,유기농 로즈힙 추출물(열매),로즈힙 열매 자체는 오렌지보다 20배가 넘는 비타민 C를 함유하고 있으며 오일에는 비타민 A가 들어 있어 피부 재생 효과가 있습니다 비타민 A는 특히 건성 손상 노화 피부 개선에 도움을 주며 칙칙한 피부 입가 주름 탄력 없는 피부 재생에 효과적입니다
100,유기농 카무카무(myrciaria dubia 열매),카무카무에는 비타민 외에도 다양한 영양소가 들어있습니다 특히 칼륨이 풍부해 항염증 암 예방 효과는 물론 심장과 신장이 제 기능을 수행할 수 있도록 돕는 역할을 합니다 칼륨은 피부와 뇌 눈 잇몸 건강을 위해 꼭 섭취해야 하는 영양소죠
101,유기농 흰목이 버섯,흰목이버섯의 효능/효과피부미용에 좋습니다 양귀비와 서태후 등 유명 귀부인들이 즐겨 먹던 버섯으로  뼈 건강에 좋습니다 흰목이버섯에는 칼슘과 칼슘의 흡수를 돕는 비타민D가 매우 풍부하여  비만을 예방해준다  면역력을 강화시켜준다
102,히알루론산,[히알루론산 효능] 강력한 보습인자 히알루론산의 3가지피부 수분 증가섬유 아세포 촉진피부 조직 복구
103,포스파티딜콜린(해바라기레시틴추출물),포스파티딜콜린 두뇌 건강과 두뇌 발달을 도와줍니다학습작업에서의 기억력 개선청소년 양극성 장애 개선태아의 뇌 발달 장애 예방
104,레몬분말(껍질),레몬밤 오일은 아로마테라피에 사용하는데 불안 우울 신경성 두통에 레몬밤 효능을 보여주고 있다 또한 항히스타민 작용을 하기 때문에 알레르기 환자에게 도움을 주며 월경 촉진이나 생리통 완화에도 사용하는 약용 식물이다
105,오렌지분말(열매),실제 모로실가루 속 풍부한 시아니딘-3-글루코시드 성분이 체내에 들어오면 노화와 질병을 유발하는 활성산소를 제거하여 준다고 하는데요 그래서 피부 노화 지연 모로실다이어트 면역력 향상뿐만 아니라 만성질환 예방 콜레스테롤 수치 감소 암 예방에 도움 준다고 합니다 이거!
106,로즈힙추출물(열매),로즈힙은 뛰어난 항산화 작용을 하며 레몬의 60배 정도되는 비타민 C가 함유되어 있습니다 따라서 성장발육을 촉진시키며 비타민 A와 함께 이뇨작용을 합니다 비타민 C 뿐만 아니라 B1 B2 B6 비타민 A 비타민 E 불포화지방산 등을 다량 함유하고 있습니다
107,엘더베리분말(열매),비타민 안토시아닌 성분 풍부해 감기 예방 좋은 엘더 베리 ~ 더 보면 엘더 베리 비타민 AC 안토시아닌 성분 다량 함유 되어 있습니다 영양성분 강력한 항산화 효과 함염항 바이러스 효과 있어서 감기 예방 면역 력 강화 효과 적이랍니다
108,히알루론산(저분자량),[히알루론산 효능] 강력한 보습인자 히알루론산의 3가지피부 수분 증가섬유 아세포 촉진피부 조직 복구
109,붕소(글리시네이트),붕소 pH 균형 유지 필요한 소화 효소 생 성하여 마그네슘 칼슘 인과 같은 미네랄 처리 하는 도움 주며 집중 력 새로운 정보 배울 있는 능력 향상 시키는데 도움 되기 뇌 기능 향상 관련 있습니다
110,발효 동충하초(균사체),동충하초의 유용성분으로는 cordycepin cordycepic acid 아미노산 다당류 비타민 등이며[25] 그 중 주요 생리활성 성분인 cordycepin (3′-deoxyadenosine 과 2′ deoxycoformycin)은 면역증강과 항균작용 항당뇨 작용 고지질
111,발효 영지버섯(균사체 및 자실체),영지버섯은 성질이 약간 차고 맛은 쓰면서 달며 한방에서 영지버섯은 이뇨 해독 항균 진통 신경쇠약 불면증 위궤양 등에 효능이 있다고 보고 있다 또한 면역력을 높이고 피를 맑게 하며 혈액의 흐름이 원활하도록 돕고 피로회복에 효과가 있는 것으로 알려져 있다
112,발효 마시멜로 뿌리 추출물,마시멜로우 뿌리 꽃 얻은 추출 물 항균 항 곰팡이 항염증제 항 박테리아 항 기침 성질 아니라 항 바이러스 항산화 작용 합니다
113,nmn(베타니코틴아마이드모노뉴클레오타이드),전임상 연구에 따르면니코틴아마이드모노뉴클레오타이드는 NAD+NAD+니코틴아마이드 아데닌 다이뉴클레오타이드(영어: nicotinamide adenine dinucleotide NAD)는 모든 살아있는 세포에서 발견되는 보조 인자이다 NAD는 인산기를 통해 결합된 두 개의 뉴클레오타이드로 구성되어 있기 때문에 다이뉴클레오타이드라고 불린다https://kowikipediaorg › wiki › 니코틴아마이드_아데닌_다니코틴아마이드 아데닌 다이뉴클레오타이드 - 위키백과의 결핍과 관련된 심장 및 뇌 허혈 알츠하이머병 식이요법 관련 제2형 당뇨병 및 비만에 다양한 약리학적 효과가 있는 것으로 나타났습니다
114,트랜스-레스베라트롤[호장근(뿌리)에서 추출],트랜스-레스베라트롤은 1% 이상의 양을 사용하면 색소 침착을 완화하는 것으로 나타났으며 호장근뿌리추출물를 이 보다 낮은 양으로 사용해도 항산화 진정 및 기타 효능을 유지할 수 있는 것으로 나타났다
115,아피제닌,아피제닌은 우리 몸의 산화 스트레스를 효과적으로 낮춰주고 염증성 분자들이 작동하는 경로를 억제하여 항염증 작용을 수행합니다 [1] 또한 국내외 여러 저널에서 아피제닌이 다양한 종류의 종양에서 세포 성장을 억제하고 사멸을 유도한다는 것을 밝혀냈습니다 [2-5]
116,l-글루타치온(환원형),환원 형 l - 글루타치온 효능 글루타치온 잘 연구 되는 항산화제 몸 보호 하는 있어 중요한 역할 합니다 보충 제로 l - 글루타치온 복용 하면 건강한 해독 과정 증진 세포 활성산소 보호 세포 건강 유지 하는데 도움 되며 전반 면역 기능 향상 할 있습니다
117,알라닌,알코올 대사 촉진 숙취 개선 하는 효과 있다고 알려져 있습니다 알라닌 글루타민 알코올 대사 촉진 아니라 간경화 개선 효과 알려져 있습니다 간장 대부분 절제 쥐 알라닌 글루타민 투여 결과 재생 촉진 되었다는 연구 결과 있습니다
118,아르기닌,아르기닌은 두피에 전달되는 혈관을 확장시켜 줍니다 이는 모발로 이어지는 영양분과 산소 공급에도 도움을 주는데요 이는 건강한 모발을 가꾸는 데 효과가 있습니다 앞서 아르기닌의 산화질소(NO) 생성을 통해 혈관이 확장되어 혈류와 순환이 개선될 수 있다고 말씀드렸습니다
119,하이드록시프롤린,다 미토 일하 이드 록 프롤린 콜라겐 주요 아미노산 이드 록 프롤린 지용성 형태 지용성 형태 피부 입술 더욱 잘 흡수 되어 피부 최상 층 신호 보내 피부 지지 요소 복구 하여 눈 띄는 잔 주름 주름 줄여 준다
120,프롤린,프롤린 L - 라이신 비타민 C 콜라겐 형성 돕기 위해 이드 록시 리그닌 이드 록시 프롤린 전환 되며 면역 력 강화 항산화 상태 개선 건강 영양 흡수 촉진 신진 대사 촉진 심장 근육 유지 강화 도움 됩니다
121,아스파르트산,D-아스파르트산은 테스토스테론 외에도 프로게스테론 황체 형성 호르몬 (LH) 옥시토신 프로락틴 성장 호르몬 및 근육 발달 성기능 생식 및 혈압과 관련된 호르몬 생산을 촉진합니다
122,세린,포스파티딜세린포스파티딜세린포스파티딜세린(phosphatidylserine 약칭 Ptd-L-Ser 또는 PS)은 인지질이며 세포막을 구성하는 막지질이다 특히 세포자멸사와 관련하여 세포주기 신호 전달에서 중요한 역할을 한다 포스파티딜세린은 세포자멸사를 분자 모방하면서 바이러스가 세포로 들어가는 주요 경로이다https://kowikipediaorg › wiki › 포스파티딜세린포스파티딜세린 - 위키백과 우리 모두의 백과사전(Phosphatidylserine PS)은 뇌의 신경세포막을 구성하는 성분으로서 뇌 전체 인지질의 18% 차지하며 신경전달 촉진 기억력·학습능력 향상 치매예방 주의력 결핍 개선 항우울증 효과가 있는 성분으로 미국·유럽 등에 널리 알려져 있다
123,글루탐산,폴리 감마 글루탐산 면 역활 성 증강 기능 체내 면역 조절 기증 있어 체내 면역 체계 Th 1 / Th 2 ( Helper T 세포 ) 불균형 해소 하여 아토피 피부염 증상 개선 치유 도움 준다
124,탄수화물,탄수화물은 신체내에서 중요한 몇 가지의 화합물을 형성 하는데 주로 윤활물질이나 손톱 뼈 연골 및 피부등의 중요한 구성요소가 되고 있습니다 그 외에도 단당이면서 5탄당인 리보스는 DNA와 RNA의 중요한 구성성분이 되며 이당류인 유당은 칼슘의 흡수를 돕는 작용을 합니다
125,기준치쇠뜨기(equisetum arvense)추출물,쇠뜨기 추출물 섭취시 당뇨증상에 도움을 줄 수 있다는 임상연구와 동물실험등이 존재하며 쇠뜨기 추출물의 이뇨작용은 이뇨제등과 견줄 수 있을 정도로 뛰어나다는 평입니다 혈중 콜레스테롤 수치에도 영향을 미쳐 심혈관 질환의 예방에도 도움을 줄 수 있습니다
126,콜린타르타르산염,수술 회복기 환자 스트레스 상태 관련 항생제 · 이뇨제 보조 요법 간질 환 수용성 비타민 흡수 · 섭취 방해 하는 장관 장애 속성 소모 성 질환 당뇨병 화상 골절 중증 ( 심한 증상 ) 감염 심리 장애 효능 효과 있는 돼
127,paba(파라아미노벤조산),동물실험 의하면 비타민 판토텐산 엽산 사용 하면 흰 머리 자연 색 환원 시키는 효과 있다고 보고 되어 o 판토텐산 ( 비타민 B 5 ) 합성 하도록 도와준다 o 엽산 합성 원료 적혈구 생 성 보 효소 작용 다
128,담즙(소),여기까지 담즙의 역할을 정리하면세포 보호 효과지방 유화 소화 돕기면역반응항산화 작용콜레스테롤 조절지용성 물질 흡수혈액 응고 관련담석 예방 등으로 볼 수 있습니다
129,담즙 (bovine),여기까지 담즙의 역할을 정리하면세포 보호 효과지방 유화 소화 돕기면역반응항산화 작용콜레스테롤 조절지용성 물질 흡수혈액 응고 관련담석 예방 등으로 볼 수 있습니다
130,gaba(감마 아미노뷰티릭산),GABA 는 뇌 혈류 개선 산소 공급 증가 뇌 세포 기능 촉진 시켜 신경 안정 작용 하며 스트레스 해소 기억 력 증진 혈압 저하 우울증 완화 중풍 치매 예방 불면 비만 갱년기 장애 효과 있는 알려져 기능성식품 의약품 제품 개발 활발히 추진 되고
131,l-테아닌,엘 테아닌 ( L - THEANINE ) 은 불안정한 개인 침착 성 경 각심 뇌 기능 향상 시키는 도움 있습니다 엘 테아닌 신체 정신 스트레스 완화 인지 기능 개선 기분 전환 도움 된다는 연구 결과 있습니다
132,saccharomyces boulardii,설사예방과 방지 - 급성설사 여행중 발생하는 설사 (물갈이 등)  콜레라 등의 질병으로 인한 설사  장 염증 해소와 방지 - 장에 잦은 염증이 생기거나 크론씨병 같은 만성적인 염증 궤양성 대장염 등  과민성대장증후군 헬리코박터 파이로리 감염 완화
133,유향나무(pistacia lentiscus)(수지),효능은 타박상으로 어혈(瘀血)되었거나 혈액순환장애로 인한 사지동통(四肢疼痛)에 진통효과가 뛰어나다 근육경련으로 동통이 있거나 운동장애 관절의 동통에도 자주 쓰이며 뇌혈관의 순환장애로 인한 반신불수에도 효험이 있고 관상동맥부전으로 인한 협심통에도 진통효과가 현저하다
134,토코트리에놀(deltagold® 토코트리에놀),더 유용한 비타민 E로 새롭게 주목받고 있는 토코트리에놀의 뛰어난 효능 5가지를 소개하면 다음과 같다면역 기능을 증진하고 암 발생 위험을 감소시킨다  심혈관 질환과 뇌졸중의 위험을 줄인다  3 신경을 보호하고 뇌의 노화를 지연시킨다  뼈 건강에 유익하다  노화와 DNA 손상을 방지한다
135,아슈와간다(뿌리)추출물(위다놀라이드 5%로 표준화),아쉬와간다가 효과가 있습니까?스트레스 불안 및 피로를 줄이도록 도움불면증 환자의 수면의 질 개선양극성 장애 환자의 경우 뇌 기능을 향상시키고 불안 완화를 도움
136,알리신 추출물 (마늘 전구) (allisure ac-23),마늘 속 '알리신'이라는 성분은 강력한 항산화제 작용을 하며 살균 작용과 면역력 강화에도 도움을 준다고 하는데요 이 성분은 암 발생도 억제시켜 주는 고마운 성분이라고 합니다
137,알리신 추출물(마늘 구근),갈거나 다지면 안정된 물질인 알린(Alliin)이 분해되면서 알리신(Allicin)으로 바뀌어 강한 냄새를 풍기게 됩니다 생리활성물질인 스코르디닌은 냄새가 없으며 강장 효과와 근육증강 효과를 나타내며 다이어트와 암 예방에도 도움이 됩니다
138,알리신 추출물(마늘 구근)(allisure ac-23),마늘 속 '알리신'이라는 성분은 강력한 항산화제 작용을 하며 살균 작용과 면역력 강화에도 도움을 준다고 하는데요 이 성분은 암 발생도 억제시켜 주는 고마운 성분이라고 합니다
139,계피,계피의 폴리페놀 성분이 높은 콜레스테롤 수치를 낮추고 높은 트리글리세라이드 수치를 낮추며 고혈압을 낮추는 효능이 있습니다 계피를 꾸준히 먹으면 이 효능으로 인하여 심장 질환 발병 위험을 낮출 수 있습니다 계피는 혈액순환을 원활하게 하고 열을 만들어 몸을 따뜻하게 한다
140,여주,여주의 효능은 아래와 같다당뇨와 성인병에 좋은 천연 인슐린  많은 비타민 C가 함유 피로회복과 감기 예방  쓴맛의 성분이 위장보호와 식욕 증진  면역력 강화와 콜레스테롤 저하 작용  다이어트와 붓기 제거에 도움
141,알파 리포산,​알파리포산은 암 심장병 및 당뇨병과 같은 질병의 근본 원인 중 하나인 세포 손상을 늦추는데 도움이 될 수 있습니다 또한 신체에서 비타민E 및 비타민C와 같은 필수 비타민 수치를 회복하고 신체가 소화 에너지를 활용하면서 탄수화물 분자를 소화하고 활용하도록 도와줍니다
142,유기농보리싹,농촌진흥청 따르면 새싹 보리 100 g 철분 시금치 16 배 칼슘 우유 45 배 식이섬유 고구마 20 배 필수 아미노산 밀 22 배 함유 되어 있다고 한다 시중 새싹 보리 분말 제품 유기농 새싹 보리 분말 선 호도 높은 편이
143,유기농알팔파싹,알팔파 많은 엽록소 호흡 곤란 불쾌감 회복 시키는데 특효 있으며 부비강 폐 좋다 단백질 풍부한 알팔파 위장 질환 관절염 방관 염 방광 신장 질환 종기 생리 불순 좋다 알팔파 식물성 에스트로겐 들어있어 갱년기 여성 피부 미용 좋다
144,유기농시금치,비타민 A: 눈 피부 및 전반적인 건강을 지원합니다 비타민 C : 피부 점막 관절의 건강 유지에 도움을 주어 몸을 안정된 상태로 유지합니다 철분: 혈액 생산 및 수송에 필수적입니다 칼슘: 건강한 뼈 치아 및 근육 유지에 필수적입니다
145,유기농스피룰리나,베타 카로틴 많이 포함 되어 있는 음식 당근 뽑지만 스피루리나 당근 10 배 베타카로틴 포함 되어 있습니다 ． 스피루리나 같은 경우 지방 콜레스테롤 포함 않은 야채 단백질 입니다 아니라 면역 력 강화 다이어트 효과 좋은 식품 입니다
146,유기농클로렐라(세포벽파쇄),· 클로렐라는 산성체질을 건강한 약 알카리성 체질로 바꿉니다 · 클로렐라는 체질개선을 통한 면역력이 높아져서 기관지염 비염 각종 알러지에 개선 효과가 있습니다
147,유기농브로콜리,· 다이어트 : 칼로리 지방 식품 포만 감 주어 다이어트 효과 · 효능 : 피부 트러블 방지 ( 카로틴 피부 점막 저항력 강하게 해주고 비타민 C 는 피부 건강 좋다 )
148,유기농레몬껍질,레몬 껍질 레몬 오일 시트로넬라 펠란드렌 비타민 C 구연산 사과 산 포름산 헤스 페리 딘 펙틴 중요한 영양분 들어가 껍질 강력한 효능 열 내려줄 있는 소독 성분 실제 레몬 껍질 관절통 줄여 준다고 알려진 중요한 오일이 발견 되었다
149,유기농당근,당근에는 베타카로틴이라는 항산화 물질이 풍부하게 함유되어 있습니다 베타카로틴은 활성산소를 중화시켜 건강한 세포를 보호하고 노화를 늦춰주는 역할을 하여 우리 피부의 건강함을 유지할 수 있습니다 당근에는 항산화물질 외에도 당질 코르티코이드라는 물질이 포함되어 있습니다
150,유기농민들레뿌리,한약재 오랫동안 사용 되어 민들레 뿌리 잎 꽃 식물 전체 약용 사용 된다 꽃 잎 포함 하는 상부 완하제 ( 배변 촉진 시키는 ) 건위제 강 장제 약재 쓰이며 뿌리 부위 해열 이뇨 거담 해독제 사용 된다
151,유기농비트뿌리,비트 뿌리 식용 다양하게 사용 되고 있는 채소 류 고려 할 안전성 있으면서 항산화 항 염증 효과 있어 항산화 항염 효능 가지는 건강 식품 소재 로서 활용 가능할 여겨진다
152,유기농생강뿌리,항산화와 항당뇨 등 생리활성 효과 뛰어나우리가 주로 섭취하고 있는 생강의 부위는 뿌리다  ​생강의 매운맛을 나타내는 주성분인 6-gingerol과 6-shogaol은 항산화 항염증에 대한 효과를 나타내는 것으로 알려져 있다  ​
153,유기농구기자추출물,임상실험 결과 통해 혈중 지질 수준 높은 성인 구기자 추출 물 먹으면 항산화 효소 활 성 높아져 산화 스트레스 낮추고 염증 지질 대사 관련 유전자 발현 조절 해 체내 항 염증 효과 있을 예상
154,유기농아사이베리,아사이베리 효능으로는 황산화 효과가 블루베리보다 22배나 높다고 하죠 노화를 막는 황산화 성분이 많아서 현대인들에게 좋다고 하합니다 그리고 필수 영양소가 많이 들어있죠
155,유기농회향씨,회향 장의 연 운동 원활하게 하고 헛배 불러 속이 더부룩한 풀어주며 튼튼하게 해 소화 잘 되게 도와주는 작용 하는데 덥게 해 찬 기를 없애고 화 ( 和 ) 해 식욕 증가 시킨다
156,파슬리잎,다양한 성인병 예방 좋은 효능 보이는데요 칼륨 함량 높아 혈압 해결 해준다고 합니다 뛰어난 효능 보이는데요 체내 철분 흡수 율 높이는 도움 준다고 합니다
157,유기농강황뿌리,강황 뿌리 추출 되는 폴리페놀 성분 커큐민 강력한 항산화 효능 가져 해로운 활성산소 없앤다 면역 기능 저하 당뇨병 치매 다양한 질병 연관 된 산화 스트레스 몸 보호 한다 커큐민 암 예방 치료 하는 효과 있는 알려졌다
158,마늘추출물,"김지영 약사는 ""마늘 추출물 영양제를 꾸준히 복용하면 만성염증을 잡아 고혈압과 고지혈증에 도움을 줄 수 있다""라고 설명했다 마늘에 들어있는 칼륨은 혈중 나트륨을 제거하며 혈압을 정상화시키는 역할을 한다"
159,셀렌,대표 항산화 영양소로 유명한 비타민E보다도 더 뛰어난 영양소가 있다고 합니다 바로 셀레늄인데요 셀레늄은 비타민E보다 약 1800배나 되는 항산화 능력을 갖고 있어 노화를 촉진하는 과산화지질의 생성을 방지하고 DNA가 손상되는 것을 막아 노화가 진행되는 것을 억제합니다
160,엽록소,연구 따르면 엽록소 신진 대사 촉진 도움 되고 체중 감량 도움 된다는 결과 있으며 탄수화물 섭취 하면 공복 감 감소 좋은 콜레스테롤 수치 상승 하여 비만 자의 인슐린 저항 성 예방 도움 된다고 밝혀졌습니다 클로로필 신체 유해한 독소 제거 합니다
161,유기 클로렐라 (금이 간 세포벽),클로렐라는 녹조류의 일종으로 비타민 미네랄 단백질 탄수화물 지방산 등 인체의 필수 영양소가 균형있게 들어있는 미래 식품으로 알려져 있다 또한 식품의약품안전처가 고시한 건강식품으로 피부 건강과 항산화 면역력 증강을 위한 기능성 식품 소재로 안전하게 사용할 수 있다
162,애플 펙틴 섬유,애플 펙틴 물 섞였을 젤 형성 효과 있는 수용성 식이 섬유 입니다 장의 건강 기능 지원 합니다
163,사과 식초,17 kg 결과 있습니다 사과 최초 아세트산 지방 당 생 성 감소 시키며 지방 연소 활발해지는 효소 생 성해 체중감량 도움 받을 있습니다 번째 피로 회복 식초 몸 활 력 강화하는 항산화제 입니다 몸속 젖산 쌓이면 쉽게 피로해지고 근육 굳게 만들어
164,달맞이꽃오일(씨),생리통 및 생리전증후군(PMS)에 도움 달맞이꽃종자유에는 감마리놀렌산과 리놀렌산이 풍부해서 여성들에게 발생하는 생리통과 특정 시기에 예민해지는 생리전증후군(PMS)에 도움을 준다 혈관 기능 개선에 도움 염증 치료에 도움 피부미용 비만 해소
165,cis-리놀레익애씨드(la),리놀레익애씨드는 대부분의 식물성 오일에서 발견되는 고분자 불포화 지방산으로 피부를 매끄럽게 하고 유분기를 공급해주는 역할을 합니다 그리고 항산화 및 항염증 기능과 함께 세포 조절 및 피부벽 복구에 탁월한 효과가 있습니다
166,감마-리놀레닉애씨드(gla),리놀레산과 아라키돈산은 염증을 촉진하는 경향이 있지만 감마리놀렌산(GLA)은 염증을 감소시키며 DNA를 보호합니다
167,파파야 과일 (까리 카 파파야),파파야에는 파파인 효소가 함유돼있어 단백질 소화를 촉진하고 변비를 예방한다 오스트리아 예방의학 국제과학연구소에서 40일간 위장관 만성소화불량 환자들 대상으로 파파야 추출물 20mL를 매일 섭취시킨 결과 변비 및 더부룩함 등 과민성대장증후군 증상이 해소된 것으로 나타났다
168,파파야 열매 (carica papaya),수분 공급 각질 제거 기능 우수하다 불순 물 제거 피지 메이크업 잔존 물의 각질 제거 효과 피부 부드럽게 해주며 진정 시키는 기능 오래된 각질 세포 제거 새로운 피부 세포 생 성 촉진 시켜 이미 생 성 된 잡티 기미 배출 도와준다
169,프로테아제(4800usp),프로테아제 그리고 포스파타아제 억제제 및 칵테일은 단백질 분해와 단백질 탈인산화를 방지하고 세포 용해 단백질 추출 그리고 검체 준비 중에 단백질 활성 상태를 유지합니다 세포소기관 분획 및 단백질 농축을 통해 단백질체학 연구에서 단백질을 식별 및 연구할 수 있습니다
170,셀룰라아제 효소(9acu),지렁이에서 분비되는 셀룰라아제가 장내 조직뿐만 아니라 면역시스템과 연관된 표피 방어조직 세포와 혈관에서 발현된다는 사실을 확인했다며 셀룰라아제가 장내 소화 효소 기능과 선천성 면역 기능도 가지고 있다는 것 이라고 말했다.
171,리파아제(12usp),리파아제(Lipase)는 중성지방을 분해하는 소화효소예요 췌장에서 생성하고 십이지장으로 분비되요 췌장 세포가 손상되거나 췌관이 막히면 리파아제가 배출되지 못하여 혈중 농도가 증가해요
172,파파야 열매,파파야 한개는 비타민 하루 섭취권장량의 두배가 넘는 비타민이 함유되어 있어서 면역력을 강화시켜 줍니다 5 또한 비타민 A가 풍부하여 시력 보호에도 효과적이며 항염증 작용을 하여 뼈를 보호해주고 관절염 예방을 돕는답니다
173,gaba(감마아미노뷰티릭산),GABA는 뇌혈류 개선 산소공급 증가 뇌세포 대사기능을 촉진시켜 신경안정 작용을 하며 스트레스 해소 기억력 증진 혈압저하 우울증 완화 중풍과 치매예방 불면 비만 갱년기 장애 등에 효과가 있는 것으로 알려져 기능성식품과 의약품으로 제품 개발이 활발히 추진되고 있다
174,l-아르기닌(l-아르기닌 hcl),“최근의 연구들은 L-아르지닌 보충제가 미토콘드리아 생합성과 갈색지방세포 조직의 발전을 촉진시킨다고 밝혔고 (중략) 따라서 L-아르지닌은 지방량 감소 근육량의 증가 신진대사의 향상에 비용 대비 효과가 좋은 성분이자 안전한 성분이다”
175,감귤류 바이오플라보노이드 복합체(citrus spp.)(열매),바이오플라보노이드는 과일의 껍질에 많이 들어 있습니다▣ 비타민 C보다 더 강력한 항산화제 바이오플라보노이드 간염이나 기타 독성물질로부터 간이 손상되는 것을 막아줍니다모세혈관벽을 튼튼하게 함으로써 중풍 치질 정맥류 코피 쉽게 멍이 드는 것에 대한 예방효과가 있습니다더보기
176,로즈힙(로즈힙)(열매),로즈힙 비타민 C 는 신체 철분 더 잘 흡수 하도록 빈혈 예방 혈액 건강하게 유지 하며 감기 독감 증상 지속 기간 예방 단축 시키는 도움 될 있습니다 로즈힙 오일 피부 층 침투 하여 피부 건강 개선 돕습니다
177,케르세틴(케르세틴 이수화물),항산화 작용 퀘르세틴은 파이토케미컬의 일종으로 폴리페놀 성분이 체내 활성산소를 없앱니다 항염 작용 암 억제 및 예방 심장질환 심혈 관계 질환의 예방 알레르기 질환 예방:
178,연어기름,연어에 풍부한 오메가 3 지방산은 체내 염증을 완화시켜주며 혈액순환을 원활하게 만들어 주는 효과를 얻을 수 있는데요 연어에는 강력한 항산화제인 비타민 E도 풍부하여 염증 수준을 더욱 크게 낮출 수 있습니다
179,강황분말(curcuma longa)(뿌리),강황의 커큐민은 항염증 성분이기도 하다 강황차는 알레르기·건선·당뇨병·심혈관 질환·우울증·관절염 심지어 알츠하이머병까지 다양한 염증 관련 질환 예방에 잠재적인 도움을 줄 수 있다 커큐민은 관절염 환자의 통증 개선에도 유효하다 셋째 통증을 완화하고 기분을 고양한다
180,강황추출물(curcuma longa)(뿌리)(총커큐미노이드 95%로 표준화),강황 뿌리에서 추출되는 폴리페놀 성분인 커큐민은 강력한 항산화 효능을 가져 해로운 활성산소를 없앤다 면역 기능 저하는 물론 당뇨병 치매 등 다양한 질병과 연관된 산화 스트레스로부터 우리 몸을 보호한다 커큐민은 암을 예방하고 치료하는 데에 효과가 있는 것으로 알려졌다
181,생강분말(zingiber officinale)(뿌리),생강가루효능1관절염 증상 통증완화 소염작용 생강의 진저롤성분이 소염작용을 해준다고 합니다  풍부한 항산화물질 함유 생강에는 플라보노이드 풀리페놀 성분이 항산화작용을 해준다고 합니다  여성질환예방 생강응 따뜻한 성질의 식품이기에  혈관질환예방과 콜레스테롤 감소
182,맥주 효모,맥주효모에 함유된 베타글루칸은 침입한 병균을 죽일 수 있도록 면역세포를 활성화하는 효능을 갖고 있다 활성화된 면역세포는 병원균을 직접 잡아먹거나 항체를 생성해 면역력을 증진한다 베타글루칸 섭취 시 감기 발생 빈도가 줄어들고 감기에 걸리더라도 쉽게 회복할 수 있다
183,홍국쌀 분말(monascus purpureus),이상의 결과로부터 홍국쌀의 섭취가 혈액과 간의 지질 대사 개선 효능을 가지며 항산화효소의 활성화를 통해 ROS에 의한 세포 손상을 억제할 뿐 아니라 LDL 콜레스테롤의 산화도 억제할 것으로 예상되므로 심혈관계 질환에 대한 예방 효과가 있을 것으로 사료된다
184,레시틴(대두에서 추출),레시틴 역할 영양소 흡수 지용성 비타민 흡수 노폐물 배출 대사 관여 콜레스테롤 가용 화 관여 하여 혈중 콜레스테롤 감소 시킨다 당뇨병 예방 신장 기능 유지 기능 정상화 소화 성 향상 뇌 기능 향상 노인성 치매 예방 효과
185,히알루론산(소듐하이알루로네이트),천연 보습 성분 소듐 알루 트는 히알루론산 많이 불려 짐 피부 콜라겐 엘라스 틴 사이 채우고 있는 바탕 물질 수분 증발 막지하여 피부 거칠어지지 않도록 도와주는 대표 보습 성분 천 연 보습 성분 피부 건조하지 않게 수분 공급
186,사과펙틴분말,펙틴은 대부분의 과일에 함유되어 있지만 사과에 함유된 펙틴의 항암효과가 가장 높은 것으로 밝혀졌습니다 사과는 가공품보다는 자연 그대로 먹는 편이 식이섬유를 통째로 섭취할 수 있어 '대장 청소부'로서의 효과가 높습니다
187,생강건조추출물(zingiber officinale)(뿌리),- 생강 추출물은 비장세포 증식능과 복강 대식세포에 의한 사이토카인 분비능을 상승시킴으로서 면역 기관의 주요 기능을 증진시키는 것으로 사료되었음
188,애플 사이다 식초(아세틱애씨드 5%),애플사이다비니거(사과초모식초) 효능다이어트 효율 개선체중·혈당 감소인슐린 감수성 개선
189,콜라겐,콜라겐 연골 연골 세포 활성화 시켜 콜라겐 콜라겐 싸고 있는 프로테오글리칸 만들어내는 유전자 자극시킨다 이를 통해 증가 된 연 골조직 콜라겐 퇴 행성 관절염 발생 하는 연 골조직 연골 골 손상 억제시키며 근본 관절 관리 가능하다
190,염화물,틸피리디늄 염화물 Quaternary Ammonium Compound 구중청량제 양이온 성 살균제 사용 며 구강 질환 병원균 세포막 투과성 변화 하여 항균 작용 다고 보고 되었다 10 )
191,붕소,붕소 세포 벽 형성 안정화 회화 목 질부 구분 관여 합니다 뿌리 꽃 과일 새로운 조직 정상 생장 위해 필요합니다 붕소 꽃가루 생 성과 꽃가루 형성 활성화 역할 있습니다 부족한 붕소 공급 꽃 과일 잘 만들어지지 않게 합니다
192,니켈,니켈 과류 김치 녹차 초콜릿 식품 함유 돼 있는데 연구 따르면 니켈 함유 된 식품 섭취 제한 하는 두드러기 피부 발진 증상 완화 할 있는 나타났다
193,바나듐,일부 연구 따르면 바나듐 콜레스테롤 수치 낮추어 심 혈관 질환 발병 예방 하는것으로 나타났습니다 바나듐 조직 배양 인간 전립선 암 세포 성장 억제 뼈 암 ( 골 종양 ) 간암 감소 시키는 나타났습니다
194,라이코펜,라이코펜 사람 몸 가장 흔한 카로티노이드 효능 좋은 항산화 물질 알려져 있습니다 암 관상동맥 질환 노화 라이코펜 ( lycopen ) 항산화 능력 통한 질병예방 효과 다양한 건강 증진 효과 대해 설명 하는 연구 보고 되고 있습니다
195,타트체리추출물(prunus cerasus)(열매)(10:1 추출물 700mg),슈퍼푸드로 알려진 타트체리는 멜라토닌 안토시아닌 베타카로틴 비타민 등 다양한 영양소가 함유돼 있어 수면의 질 개선 피부 콜라겐 강화 항염증 다이어트 뇌 건강 등에 효능이 있는 것으로 알려져 있다
196,유기농강황(curcuma longa)가루(뿌리),강황 효능 대표적인 강황 효과 7가지항염증 효과 커큐민은 강력한 항염증 효과를 가지고 있습니다  담즙분비 및 숙취해소 강황은 담즙분비를 촉진시키는 이담 작용을 통해 간기능에 도움을 줄 수 있습니다  다이어트  변비  혈액순환과 콜레스테롤  치매  항산화 효과
197,강황(curcuma longa)추출물(뿌리)(총 커큐미노이드 95%로 표준화),강황 뿌리에서 추출되는 폴리페놀 성분인 커큐민은 강력한 항산화 효능을 가져 해로운 활성산소를 없앤다 면역 기능 저하는 물론 당뇨병 치매 등 다양한 질병과 연관된 산화 스트레스로부터 우리 몸을 보호한다 커큐민은 암을 예방하고 치료하는 데에 효과가 있는 것으로 알려졌다
198,매스틱검(유향나무)(줄기/가지),매스틱 검은 우리 몸에서 어떤 작용을 수행하나요? 헬리코박터 파일로리균은 위염 소화성 궤양 질환 및 위암의 주요 요인 중 하나로 알려져 있는데 매스틱 검은 신체내 헬리코박터 파일로리균에 항균 작용을 하여 위궤양 및 십이지장 궤양을 관리하는 데에 도움을 준다
199,l-알라닌,알코올 대사 촉진 숙취 개선 하는 효과 있다고 알려져 있습니다 알라닌 글루타민 알코올 대사 촉진 아니라 간경화 개선 효과 알려져 있습니다 간장 대부분 절제 쥐 알라닌 글루타민 투여 결과 재생 촉진 되었다는 연구 결과 있습니다
200,l-아르기닌,“최근의 연구들은 L-아르지닌 보충제가 미토콘드리아 생합성과 갈색지방세포 조직의 발전을 촉진시킨다고 밝혔고 (중략) 따라서 L-아르지닌은 지방량 감소 근육량의 증가 신진대사의 향상에 비용 대비 효과가 좋은 성분이자 안전한 성분이다”
201,l-아스파르트산,이 아스파르트산은 에너지를 생성하는 crebs회로의 필수 물질이기도 한데 urea cycle을 통한 암모니아의 제거 피로에 대한 저항성 증가 지구력 증가를 위해 쓰인다 purine의 전구체로서 핵산 합성에 쓰이기도 한다
202,l-글루탐산,( 다시마 버섯 쑥 일부 들어있습니다 ) 글루타민산 나트륨 적정 섭취 하게 되면 뇌 기능 활성화 시키는 효능 볼 있는데요 글루타민산 뇌 세포 유연성 증진 시켜주는 기능 하기 입니다
203,l-프롤린,프롤린 L - 라이신 비타민 C 콜라겐 형성 돕기 위해 이드 록시 리그닌 이드 록시 프롤린 전환 되며 면역 력 강화 항산화 상태 개선 건강 영양 흡수 촉진 신진 대사 촉진 심장 근육 유지 강화 도움 됩니다
204,l-세린,엘-세린(L-serine) 및 식용피 추출물을 유효성분으로 포함하는 신경발달장애 자폐스펙트럼자폐스펙트럼자폐 스펙트럼 또는 자폐 스펙트럼 장애(영어: Autism Spectrum Disorders ASD)는 자폐 장애를 비롯하여 자폐증의 진단기준은 충족하지 않으나 전체 또는 일부 특징이 비슷한 여러 증후군을 모은 개념이다https://kowikipediaorg › wiki › 자폐_스펙트럼자폐 스펙트럼 - 위키백과 우리 모두의 백과사전장애 지적장애 학습장애 언어장애 주의력결핍과잉행동장애 정서장애 운동장애 집중력장애 및 기억장애로 이루어지는 군으로부터 선택되는 질환의 예방 또는 치료용 약학적 조성물
205,트랜스지방,트랜스지방 섭취량 체내 축 적량 높으면 유방암 대장암 유발 가능성 높아지며 1일 열량 섭취 트랜스지방 차지 하는 비율 평균 3% 2% 낮추면 2 형 당뇨병 발병 40% 정도 줄여주는 보고 연 결과
206,isoflex 분리 유청 단백질,일부 연구에 따르면 유청단백질이 신체능력을 향상시키고 운동 후 회복속도를 개선하며 근육피로감 예방 포만감 및 체중조절 같은 효과를 주는 것으로 알려져 있습니다
207,l-알지닌,“ 최근 연구 L - 아르 지닌 보충 미토콘드리아 생 합성 갈색 지방세포 조직 발전 촉진 시킨다고 밝혔고 ( 중략 ) L - 아르 지닌은 지방 량 감소 량 증가 신진대사 향상 비용 대비 효과 좋은 성분 이자 안전한 성분 ”
208,l- 루신,류신 ( Leucine ) 은 인체 근육 합성 과정 신호 전달 역할 하는 필수 아미노산 한다 체내 자연 생 성 되지 않아 음식 해서만 섭취 할 있으며 단백질 분해 막고 합성 촉진 시켜 체내 량 유지 거나 늘리는 중요한 역할 하는 알려져
209,l- 알라닌,알코올 대사를 촉진 숙취를 개선하는 효과가 있다고 알려져 있습니다 알라닌과 글루타민은 알코올 대사의 촉진뿐만 아니라 간경화의 개선에도 효과적이라고 알려져 있습니다 간장의 대부분을 절제한 쥐에게 알라닌과 글루타민을 각각 투여한 결과 간 재생이 촉진되었다는 연구 결과가 있습니다
210,l- 아르기닌,“최근의 연구들은 L-아르지닌 보충제가 미토콘드리아 생합성과 갈색지방세포 조직의 발전을 촉진시킨다고 밝혔고 (중략) 따라서 L-아르지닌은 지방량 감소 근육량의 증가 신진대사의 향상에 비용 대비 효과가 좋은 성분이자 안전한 성분이다”
211,l- 아스파르트 산,이 아스파르트산은 에너지를 생성하는 crebs회로의 필수 물질이기도 한데 urea cycle을 통한 암모니아의 제거 피로에 대한 저항성 증가 지구력 증가를 위해 쓰인다 purine의 전구체로서 핵산 합성에 쓰이기도 한다
212,l- 글루탐산,글루타민산 나트륨 적정 섭취 하게 되면 뇌 기능 활성화 시키는 효능 볼 있는데요 글루타민산 뇌 세포 유연성 증진 시켜주는 기능 하기 입니다
213,l-glycine,L-Glycine 글리신(가결아미노산) L-Glycine 중추신경계와 전립선의 기능 유지에 필수적이며 간 예방에 씀 체내에서 비필수 아미노산을 생성하는 데 필요 creatine을 공급함으로써 근육의 퇴화를 지연시킨다
214,l- 프롤린,프롤린 L - 라이신 비타민 C 콜라겐 형성 돕기 위해 이드 록시 리그닌 이드 록시 프롤린 전환 되며 면역 력 강화 항산화 상태 개선 건강 영양 흡수 촉진 신진 대사 촉진 심장 근육 유지 강화 도움 됩니다
215,l- 세린,엘 - 세린 ( L - serine ) 식용 피 추출 물 유효 성분 포함 하는 신경 발달장애 자폐 스펙트럼 자폐 스펙트럼 자폐 스펙트럼 자폐 스펙트럼 장애 ( 영어 : Autism Spectrum Disorders ASD ) 는 자폐 장애 비롯 하여 자폐증 진단 기준 충족 하지 않으나 전체 일부 특징 비슷한 증후군 모은 개념 https :// kowikipediaorg › wiki › 자폐 _ 스펙트럼 자폐 스펙트럼 - 위키 백 백과사전 장애 지적장애 학습장애 언어장애 주의력 결핍 과잉행동 장애 정서장애 운동 장애 집중 력 장애 억 장애 이루어지는 선택 되는 질환 예방 치료 용 학적 조성 물
216,l-알라닌,알코올 대사를 촉진 숙취를 개선하는 효과가 있다고 알려져 있습니다 알라닌과 글루타민은 알코올 대사의 촉진뿐만 아니라 간경화의 개선에도 효과적이라고 알려져 있습니다 간장의 대부분을 절제한 쥐에게 알라닌과 글루타민을 각각 투여한 결과 간 재생이 촉진되었다는 연구 결과가 있습니다
217,l-아르기닌,“최근의 연구들은 L-아르지닌 보충제가 미토콘드리아 생합성과 갈색지방세포 조직의 발전을 촉진시킨다고 밝혔고 (중략) 따라서 L-아르지닌은 지방량 감소 근육량의 증가 신진대사의 향상에 비용 대비 효과가 좋은 성분이자 안전한 성분이다”
218,l-아스파르트산,아스파르트산 에너지 생 성하는 crebs 회로 필수 물질 urea cycle 통한 암모니아 제거 피로 대한 저항 성 증가 지구력 증가 위해 쓰인다 purine 구체 로서 핵산 합성 쓰이기도 한다
219,l-글루탐산,글루타민산 나트륨 적정 섭취 하게 되면 뇌 기능 활성화 시키는 효능 볼 있는데요 글루타민산 뇌 세포 유연성 증진 시켜주는 기능 하기 입니다
220,l-프롤린,프롤린 L - 라이신 비타민 C 콜라겐 형성 돕기 위해 이드 록시 리그닌 이드 록시 프롤린 전환 되며 면역 력 강화 항산화 상태 개선 건강 영양 흡수 촉진 신진 대사 촉진 심장 근육 유지 강화 도움 됩니다
221,l-세린,엘 - 세린 ( L - serine ) 식용 피 추출 물 유효 성분 포함 하는 신경 발달장애 자폐 스펙트럼 자폐 스펙트럼 자폐 스펙트럼 자폐 스펙트럼 장애 ( 영어 : Autism Spectrum Disorders ASD ) 는 자폐 장애 비롯 하여 자폐증 진단 기준 충족 하지 않으나 전체 일부 특징 비슷한 증후군 모은 개념 https :// kowikipediaorg › wiki › 자폐 _ 스펙트럼 자폐 스펙트럼 - 위키 백 백과사전 장애 지적장애 학습장애 언어장애 주의력 결핍 과잉행동 장애 정서장애 운동 장애 집중 력 장애 억 장애 이루어지는 선택 되는 질환 예방 치료 용 학적 조성 물
222,l-글루타민(자유형),L-글루타민은 뇌 건강에 도움을 준다 장누수증후군 과민성대장증후군 우울증 지방간 예방에 기여한다 면역력 향상 피부미용 근육 성장도 돕는다 섭취량은 하루 2~5g이다
223,l-알지닌 hci,정자 생 성 촉진 아연 카르니틴 coenzyme Q 10 병용 하여 불임 치료 성장호르몬 방출 촉진 작용 근육 보존 체지방 감소 작용 다양한 효능 역할 하고 있습니다
224,트리블러스 테레스트리스(90% 사포닌으로 표준화[675 mg]),트리블러스 테레스트리스 (Tribulus운동성능 향상 남가새는 호르몬의 조절을 통한 빠른 근육의 증가와 회복의 가속화 및 지구력 증가를 원하시는 선수들에게 적합한 식품입니다  성욕 증가  발기 부전의 치료
225,d-아스파르트산,D-아스파르트산은 테스토스테론 외에도 프로게스테론 황체 형성 호르몬 (LH) 옥시토신 프로락틴 성장 호르몬 및 근육 발달 성기능 생식 및 혈압과 관련된 호르몬 생산을 촉진합니다
226,l- 글루타민 / 글루탐산,L - 글루타민 뇌 건강 도움 준다 누수 증후군 과민성 대장 증후군 우울증 지방간 예방 기여 다 면역 력 향상 피부 미용 근육 성장 돕는다
227,베타알라닌(betasynth),베타알라닌은 근육의 기능을 유지하는 데 중요한 아미노산이다 체내에서 자연적으로 합성되는 베타알라닌은 다른 화학 물질과 작용해 카르노신이라는 물질을 생성한다 카르노신은 근육에 저장되는데 근육의 pH 수준을 유지하는 역할을 맡는다
228,l-카르니틴l-타르타르산염(l-카르니틴 1000mg 공급),엘카르니틴(L카르니틴)은 근육에 에너지를 공급하는 데 중요한 역할을 합니다 지방산을 세포로 이동시켜 에너지로 전환하고 운동시에는 체지방을 연료로 사용하도록 핵심적인 역할을 합니다 신진대사를 촉진하고 운동 중 성능과 지구력을 향상시킵니다 에너지 회복에 도움이 됩니다
229,분지사슬아미노산(bcaa) 2:1:,운동 전이나 운동 중 또는 운동 후에 분지사슬아미노산 (BCAA)을 섭취할 경우 피로가 감소하고 근육이 성장이 증가하며 운동 후 회복력이 개선되고 집중력이 높아지며 운동 능력을 향상시키며 체중 감량을 증가시킬 수 있습니다
230,r-알파 리포산 (125mg의 활성 r (+) ala 이성질체 생성),R-리포산은 세포 및 미토콘드리아 항산화 활성을 증가시키고 노화와 관련된 미토콘드리아 붕괴를 방지합니다 이 때문에는 노화와 산화 스트레스의 증가는 감소 될 수 있다고 한다 R-리포산은 신경 보호적이며 노화와 관련된 인지 결핍을 늦추는 동시에 기억력을 향상시키는 것으로 나타났습니다
231,l-카르니틴 l-타르타르산염,엘 카르니틴 ( L 카르니틴 ) 은 근육 에너지 공급 하는 중요한 역할 합니다 지방산 세포 이동 시켜 에너지 전환 운동 체지방 연료 사용 하도록 핵심 역할 합니다 신진대사 촉진 운동 성능 지구력 향상 시킵니다 에너지 회복 도움 됩니다
232,그린 커피(coffea robusta) 콩 추출물(클로로겐산 50%),그린 커피빈 핵심 성분 클로로겐산 포도당 흡수 억 제한 다 에너지 원인 포도당 흡수 되지 않아 부족한 에너지 보충 하기 위해 몸속 있는 체지방 에너지 전환 하는 과정 체지방 연소 될
233,l-글루타민,인체 전반 기능 저하 되어 있는 중환자 글루타민 점막 세포 위축 방지 기능 온전 하게 유지 하기 경장 액 사용 됩니다 둘째 심각한 화상 외상 입은 환자 사용 됩니다
234,그린 커피(coffea robusta)콩 추출물(클로로겐산 50%),그 증거로 여러 연구에서 그린커피콩 추출물이 인슐린 수치를 낮추고 기초대사를 높일 수 있다는 것이 밝혀졌으며 장에서 지방과 포도당의 흡수를 낮추고 포만감을 주어 체중감량에 도움이 될 수 있다는 점이 증명되었습니다
235,l-카르니틴 l-타르타르산염(lclt),엘카르니틴(L카르니틴)은 근육에 에너지를 공급하는 데 중요한 역할을 합니다 지방산을 세포로 이동시켜 에너지로 전환하고 운동시에는 체지방을 연료로 사용하도록 핵심적인 역할을 합니다 신진대사를 촉진하고 운동 중 성능과 지구력을 향상시킵니다 에너지 회복에 도움이 됩니다
236,베타-알라닌(betasynth™),베타알라닌은 근육의 기능을 유지하는 데 중요한 아미노산이다 체내에서 자연적으로 합성되는 베타알라닌은 다른 화학 물질과 작용해 카르노신이라는 물질을 생성한다 카르노신은 근육에 저장되는데 근육의 pH 수준을 유지하는 역할을 맡는다
237,비터 멜론 추출물(momordica charantia 과일),비터멜론으로 알려진 여주(Momordica charantia)는 항암 항바이러스 항균 항염증 진통 및 산화방지제를 포함한 흥미로운약리활성이 있다고 알려져 있다
238,l-리신,⊙ 효능연골조직을 만드는 섬유질 합성 항체 소화액 분비 부신기능 조절헤르페스 바이러스로 인한 입술물집 예방 및 개선 효과모든 단백질구성의 필수 재료 아동의 성장과 뼈의 생성에 직접 관여성인의 칼슘 흡수 촉진 질소의 평형유지작용 관장
239,아이런,오늘은 빈혈 예방 탈모 개선 운동 능력 향상에 좋다고 알려져 있는 #철분 에 대해 알아보는 시간을 갖도록 하겠습니다 철분은 영양분으로 에너지를 생성하는 역할을 하는 몸의 성장을 위한 필수 영양소입니다
240,포타슘,이제 칼륨 섭취의 중요성에 대해 연구를 통해 보다 자세히 살펴보겠습니다혈압 감소 고혈압은 각종 심뇌혈관 질환의 발생 및 사망 위험을 크게 높이는 위험 인자인데요  심혈관 질환 사망률 감소 또한 칼륨은 심장 건강을 지켜주기도 하는데요  신장 결석 발생 위험 감소
241,알지닌,아르기닌은 두피에 전달되는 혈관을 확장시켜 줍니다 이는 모발로 이어지는 영양분과 산소 공급에도 도움을 주는데요 이는 건강한 모발을 가꾸는 데 효과가 있습니다 앞서 아르기닌의 산화질소(NO) 생성을 통해 혈관이 확장되어 혈류와 순환이 개선될 수 있다고 말씀드렸습니다
242,타이로신,우울증 불면증 예방 위해 결핍 되어서는 안되는 아미노산 갑상선 저하 증 환자 부족한 경우 많습니다 피로 감 무기 력 감 무드 스윙 감정 상태 개선 스트레스 상황 기억 력 집중 력 높이는데 도움 됩니다
243,녹색커피(커피콩 추출물 클로로겐산 50%),그린 커피빈 클로로겐산 AMPK 효소 활성화 시켜 체지방 감소 도움 주는 메커니즘 있습니다 체내 AMPK 활성화 되면 지방산 합성 과정 가는 경로 막아 지방산 합성 감소 시키며 지방산 산화 촉진 합니다
244,l-카르니틴,L-카르니틴 효능이 궁금해요1 체지방 감소 L-카르니틴의 가장 대표적인 효능은 지방을 분해시키는 거예요  운동능력 향상 L-카르니틴 복용 시 혈류를 증가시켜 근육의 활성도를 향상시키는 역할을 해준다고 해요심장 보호  혈당 조절
245,바이오틴,비오틴은 비타민 B군에 속하며 비타민H라고도 불린다비오틴을 먹어야 할 4가지 이유1 탈모를 예방한다  손톱을 단단하게 만든다  에너지를 생성한다  당뇨와 다이어트에 도움이 된다
246,가수분해 콜라겐 펩타이드,2019년 이후 많은 연구 논문 경구 가수분해 저분자 콜라겐 마린 콜라겐 펩타이드 피부 회복 피부 재생 안티 이징 피부 수분 력 향상 도움 된다는 보고 내놓기 시작 합니다
247,l-타이로신,우울증 불면증 예방 위해 결핍 되어서는 안되는 아미노산 갑상선 저하 증 환자 부족한 경우 많습니다 피로 감 무기 력 감 무드 스윙 감정 상태 개선 스트레스 상황 기억 력 집중 력 높이는데 도움 됩니다
248,호로파(trigonella foenum graecum 씨)추출물,연구에 따르면 호로파 추출물은 콜레스테롤을 줄여주는 것으로 나타났는데 특히 지질단백질인 (LDL)을 줄여줍니다 호로파는 스테로이드 사포닌이 풍부하게 함유된 것으로 알려져 있는데 이는 콜레스테롤과 트리글리세라이드(중성지방)가 체내 흡수되는 것을 방지해 줍니다
249,보론시트레이트(붕소 5mg 공급),​붕소는 스테로이드 호르몬과 칼슘 마그네슘 및 비타민D를 포함한 여러 미량 영양소의 대사뿐만 아니라 많은 대사 효소의 활동에 영향을 미치며 골다공증을 예방하며 관절염 및 콜레스테롤을 개선시키는 역할을 할 수 있으며 테스토스테론을 생산하고 사용하는 신체의 능력을 향상시키는 것으로 여겨
250,매스틱 검(pistacia lentiscus),매스틱 위산 균형 통해 점막 보호 함 속 쓰림 위산 분비 위염 위궤양 위암 갈 있는 질환 전체 방한 다 기능 성 소화 불량 효과 껌 같지만 치아 달라붙지 않아 규칙 씹어주면 잇몸 병 충치 방한 다
251,락토페린,락토페린 몸속 염증 예방 하는 효과 임신 양수 안 락토페린 들어 있는데 이는 태아 균 감염 되는 막고 염증 생기는 막는다 락토페린 가장 큰 특징 체내 흡수 된 철분 결 합해 세균 번식 하는 필요한 철분 공급 차단 하는
252,콜린(콜린 비타르트레이트),콜린은 지방 대사에 관여하여 지방간이나 혈중 과다 지방 상태를 예방하는 데 유용한 물질입니다 더불어 콜린의 효율적인 지방 대사는 더 높은 수준의 포만감과 관련이 있어 전반적인 체중 감소에도 도움을 주는데요
253,콜레우스 포스콜리(뿌리) 추출물(포스콜린 10%[10mg]),첫 번째 콜레우스 포스콜리는 지방을 분해하는 효소인 리파아제를 활성화해서 체내 지방을 감소시키는 효과 가 있어요 그리고 두 번째로는 신진 대사를 증가시켜 체지방이 쌓이지 않고 연소 되도록 하는 작용 을 해요
254,망고스틴 추출물,효능 효과 : 망고스틴 껍질 많이 포함 되어 있는 크 산톤 과육 포함 된 미네랄 비타민 식이섬유 ( 정장 작용 ) 카테킨 피부 트 * 블 해결 미백 효과 피부 매끄럽게 하는데 탁월한 효과 보 이미 일본 미국 호주 미용 제품 건강 음료 여러가지 제품 출시
255,알파 알파 리포 산,​알파리포산은 암 심장병 및 당뇨병과 같은 질병의 근본 원인 중 하나인 세포 손상을 늦추는데 도움이 될 수 있습니다 또한 신체에서 비타민E 및 비타민C와 같은 필수 비타민 수치를 회복하고 신체가 소화 에너지를 활용하면서 탄수화물 분자를 소화하고 활용하도록 도와줍니다
256,paba(파라-아미노벤젠산),동물실험 의하면 비타민 판토텐산 엽산 사용 하면 흰 머리 자연 색 환원 시키는 효과 있다고 보고 되어 o 판토텐산 ( 비타민 B 5 ) 합성 하도록 도와준다 o 엽산 합성 원료 적혈구 생 성 보 효소 작용 다
257,호박산염,추출물은 in vitro실험에서 항산화 및 항암효과가 보고되었 고(4) 호박의 과육부위의 탄수화물로는 포도당 과당 설탕 등이 주를 이루며 세린과 아스파르트산 등의 아미노산 함 량이 높아 위장이 약한 사람이나 회복기의 환자 부종의 완화(5)
258,아르테미시닌,개똥쑥에 함유된 아르테미신은 피부 과민 반응에 대한 억제작용이 있고 플라보노이드 성분은 항산화 항암효과를 가지고 있음이 보고되었다 임상 시험 결과로 구강 점막염 신경성 피부염 여름의 입마름 다한증 체력저하에도 유효함이 알려져 있다
259,흑호두 껍질,흑 호두 과피 추출 물 피부 각질 세포 HaCaT 세포 적용 했을 250 µ g / mL 926% 포 생존 율 미치는 영향 현저 히 낮았고 500 µ g / mL 농도 6735% nitric oxide ( NO ) 생 성 억제 되었으며 100 µ g / mL 농도 비타민 C 31
260,보론(붕산),보론의 건강효과는 크게 3가지이며 뼈 건강 항암(특히 전립선 자궁 경부 폐) 건강한 노화입니다
261,제아잔틴,루테인 제아 잔틴 눈 건강 유지 하는 중요한 역할 합니다 색소 침착 높은 에너지 발산 하는 태양광 차단 함 기저 조직 손상 되지 않게 보호 합니다 산화 스트레스 인한 황반 손상 막아주는 항산화 영양소 합니다
262,퀘르세틴,퀘르세틴(케르세틴)의 대표적으로 알려져 있는 효능은 크게 5가지입니다 항산화 작용: 퀘르세틴은 파이토케미컬의 일종으로 폴리페놀 성분이 체내 활성산소를 없앱니다   항염 작용:   암 억제 및 예방:   심장질환 심혈 관계 질환의 예방:   알레르기 질환 예방:
263,빌베리(열매)추출물(안토시아닌 25%로 표준화),빌 베리 추출 물 Anthocyanidin ( Anthocyanidins ) 은 Anthocyanidins 25 % 함유 있습니다 빌 베리 추출 물이 야간 시력 향상 시킨다는 사실 연구 하루 근시 전체 시력 향상 시키는 나타났습니다
264,락토페린(소)(우유),락토페린 우유 특히 소의 초유 같은 외부 분비물 당 단백질 초유 함유 된 락토페린 양은 우유 농도 20 배 더 높으며 항균활 성 암 예방 항 바이러스 활 성과 같은 다양한 생체 활 성 기능 가진다 ( Lu 2007 )
265,초유(소)(우유),락토페린 우유 특히 소의 초유 같은 외부 분비물 당 단백질 초유 함유 된 락토페린 양은 우유 농도 20 배 더 높으며 항균활 성 암 예방 항 바이러스 활 성과 같은 다양한 생체 활 성 기능 가진다 ( Lu 2007 )
266,라이소자임(계란 흰자),라이소자임은 치주염ㆍ구강염 예방 효과가 있어 일부 껌ㆍ가글액ㆍ치약 등에도 들어간다 포진바이러스ㆍ수두바이러스 등 자체 면역력이 떨어지면 맹위를 떨치는 바이러스에 의한 피부감염의 예방ㆍ치료에도 유용하다
267,셀룰로오스,사람 경우 셀룰로스 불 용성 식이 섬유 소화 되지 않는 성분 대변 친수성 팽창 역할 하며 잠재 배변 작용 돕는다
268,포스파티딜콜린 (콩),주로 표기되는 효과는 부교감신경계의 활성화 세포막을 안정시켜 피부 및 혈관세포를 튼튼하게 해 줌 인지능력 개선 과민증 개선 수면장애 개선 남성의 발기 및 정액 생산 능력 개선 혈행 개선 치매 예방 통풍 예방 면역력 증강 요실금 치료 항산화 작용 간세포 보호 등이 그
269,gaba (감마 - 아미노 부티르산),가바는 억제성 신경전달물질로서 뇌 혈류개선 산소공급 증가 뇌세포 대사 기능을 촉진시켜 신경안정 작용 스트레스 해소 기억력 증진 혈압강하 작용 우울증 완화 중풍과 치매 예방 비만 갱년기 장애 등에 효과가 있는 것으로 밝혀졌습니다
270,pregnenolone,프레 네롤 론 노화 방지 효과 염증 치료 효과 기억 력 유지 증진 기분 개선 수면 질적 향상 긍정 직관 정신 신체 안녕 통해 나타난다 프레 놀론 코티졸 효과 억제 하여 스트레스 예방 하기도 한다
271,나토키나아제 nsk-sd®(대두)(2000fu),유해산소로부터 세포를 보호하며 결합조직 형성과 기능유지 철의 흡수에 도움을 줍니다 낫토와 청국장에 많이 들어 있는 성분입니다 강력한 혈전분해능력과 프로유로키나제 활성화 능력을 가지고 있어 심혈관계 질환에 좋습니다
272,모노라우린,모노 우린 항생제 듣지 않는 메티 실린 성 황색 포도 상 균 ( MRSA ) 퇴치 효과 보였습니다 최 최근 연구 따르면 모노 우린 감염 작용 일으키기 위해 숙주 세포 상호작용 하고 있는 세균 죽이는 항균 작용 지니 있다고 합니다
273,올리브 잎 추출물(최소 15% 올러유러핀),올리브 (Olea europaea L) 잎은 풍부한 폴리 페놀을 함유하고있으며 이는 항산화 항균 항 바이러스 항암 활성을 연관시키고 혈소판 활성화를 억제하는 것으로 보고 되어있다
274,락토바실러스 람노서스용해물 분말,면역 체계를 정상적으로 유지 어린이의 면역력 향상 설사 예방 무너진 장내세균총 복원 아토피 및 알레르기 예방
275,사카로미세스 보울라디(dbvpg 6763) 90억 cfu,"소아 설사, 항생제 관련 설사, 급성 설사, 박테리아, 바이러스 또는 기생충에 의한 여행자의 설사, 장내 영양 관련 설사 등 여러 설사 증상의 개선에 기여하는 것으로 관찰되었다."
276,토코트리에놀(deltagold® 토코트리에놀),더 유용한 비타민 E로 새롭게 주목받고 있는 토코트리에놀의 뛰어난 효능 5가지를 소개하면 다음과 같다면역 기능을 증진하고 암 발생 위험을 감소시킨다  심혈관 질환과 뇌졸중의 위험을 줄인다  3 신경을 보호하고 뇌의 노화를 지연시킨다  뼈 건강에 유익하다  노화와 DNA 손상을 방지한다
277,버진해바라기오일,해바라기씨 오일 비타민 A E 다량 함유 있어 보습 효과 뛰어납니다 피부 진정 효과 뛰어나며 유아 바디 일로 사용 가능합니다 지성 피부 보습 탁월한 효능 있습니다 세포 성 성분 레시틴 함유 있어 세포 재생 효과 가진 해바라기씨 오일 입니다
278,레시틴(대두),레시틴 역할 영양소 흡수 지용성 비타민 흡수 노폐물 배출 대사 관여 콜레스테롤 가용 화 관여 하여 혈중 콜레스테롤 감소 시킨다 당뇨병 예방 신장 기능 유지 기능 정상화 소화 성 향상 뇌 기능 향상 노인성 치매 예방 효과
279,천연혼합토코페롤,천연 복합 토코페롤 오일 산화 막아주세요 구성 영양성분 산화 막아 피부 건강 유지 하는데 도움 된다 피부 항산화 효과 피부 노화 방지 하는데 도움 준다
280,해조류 오일(해양조류 군락),해조류의 영양 효능은 인지건강 신경체계 건강한 피부 형성 에너지대사와 신진대사를 돕고 어린이들의 성장을 돕는 것으로 알려짐 로즈는 해조류가 특히 어린이들의 스낵 음료와 스프레드로 사용하기에 훌륭한 재료라고 함
281,오메가-3 지방산,오메가-3는 혈소판 응집과 염증반응을 감소시키고 혈중 중성지방의 농도를 감소시키고 심박수와 혈압을 강하시켜 심혈관계 질환으로 인한 사망을 감소시키는 것으로 생각되고 있습니다
282,해조류 오일(schizochytrium spp.),해조류의 영양 효능은 인지건강 신경체계 건강한 피부 형성 에너지대사와 신진대사를 돕고 어린이들의 성장을 돕는 것으로 알려짐 로즈는 해조류가 특히 어린이들의 스낵 음료와 스프레드로 사용하기에 훌륭한 재료라고 함
283,콘드로이틴(뼈 육수에서 추출),콘드로이틴 안전하면서 오랫동안 사용할 수 있는 관절염 치료제 특히 외부 자극에 의해 발현되는 TNF-알파 등 사이토카인의 작용을 억제하고 이후 유도되는 염증 유발 및 연골 파괴 유발 사이토카인을 감소시켜 관절 내 염증 및 통증반응 그리고 연골파괴를 억제하는 기전을 갖고 있다
284,글루코사민(뼈 육수에서 추출),체내에서 섬유 수분과 결합해 관절에 강도와 탄력성을 부여해 튼튼하게 하는 데 도움을 주기 때문에 관절염과 골관절염과 같은 연령 관련 질환을 앓는 사람들에게 도움을 주는 것으로 잘 알려져 있다 이 밖에도 피부에 활력을 부여하고 손상된 피부조직을 치료해주는 효과도 있다
285,콜린,당초 콜린 제제 ▲ 뇌혈관 결손 의한 2 증상 변성 퇴 행성 뇌 기질 성 정신 증후군 ▲ 감정 행동 변화 ▲ 노인성 가성 우울증 3 적응 증 보유 했다 3일
286,오메가3 지방산(참치오일 청어알오일 호키오일),오메가-3는 혈소판 응집과 염증반응을 감소시키고 혈중 중성지방의 농도를 감소시키고 심박수와 혈압을 강하시켜 심혈관계 질환으로 인한 사망을 감소시키는 것으로 생각되고 있습니다
287,ala(알파리놀렌산),최근 연구 된 결과 의하면 알파 - 리놀렌산 염증 마커 인 C - 반응 성 단백질 감소 시켰다는 임 상 연 결과 보고 되었으며 알파 리놀렌산 섭취 하면 혈중 콜레스테롤 저하 되고 심혈관계 질환 발생 위험성 감소 시켜주며 동맥 기능 보호 되는 효과 얻을
288,오메가6 지방산,오메가 6 는 오메가 3 마찬가지 불포화지방산 일종 인체 합성 되지 않기 음식 섭취 해야 한다 혈액 순환 개선 비만 예방 하는 도움 준다 두뇌 발달 중요한 역할 하고 피부 건강하게 유지 해준다 월경 증후군 생리통 완화 하는 효과
289,포스포리피드,포스 포 리피 드 피부 바르면 정이 환경 요인 인해 고갈 된 인지질 대체 할 연구 따르면 항산화 효과 있으며 화장품 성분 피부 효과 전달 될 있도록 도움 준다
290,아스타잔틴(헤마토코쿠스 플루비알리스에서 추출),[아스타잔틴 효능] 눈 건강부터 항산화까지 아스타잔틴의 효능 3가지안구 건조증 개선DNA 손상 개선염증 및 수축기 혈압 감소
291,중쇄중성지방(코코넛),​▲ MCT 오일 코코넛 오일 소화관 증상 에너지 소비 식품 비타민 미네랄 흡수 하는 능력 긍정 영향 주는 내장 박테리아 균형 유지 하는 도움 됩니다
292,아이오딘,요오드 ( 아이오딘 ) 는 갑상선 건강 체중 감소 활 력 증강 기억 력 증대 성조숙증 호전 암 위장 질환 유방 전립선 질환 심 혈관 질환 예방 기여 다 하루 권장 섭취량 125 mg 최대 50 mg
293,채소채소 및 과일 혼합,파프리카와 딸기를 섞은 주스는 감기 예방과 피부미용 효과가 탁월하다 옥수수와 바나나는 모두 에너지로 빨리 전환되므로 아침식사로 좋다 두유는 시금치 풋내를 없애준다 시금치에는 철분이 많은데 두유의 단백질이 철분 흡수율을 높여준다
294,콜라겐 복합,: 콜라겐 펩타이드 ( collagen peptide ) 는 단백질 가수 분해 물 로서 주름 완화 보습 력 증대 탄력 개선 특정 피부 효능 나타낼 있어 화장품 피부 개선 기능 식품 활용 되고
295,발효 달걀 껍질 막 콜라겐,관절 통증 경 직성 관절 조직 좋은 히알루론산 글루코사민 콘드 틴 콜라겐 아미노산 다량 함유 있는 나타났다 껍질 막 추출 물 일반 칼슘 몸 쉽게 흡수 되는 농축 된 칼슘 공급 할 있어 골 관절염 관절 통증 효능 있는 나타났다
296,판크레아틴 56000usp 유닛 프로테아제(췌장) 야생 멧돼지,종합소화제로 소화불량
297,키모트립신 900fip 유닛(췌장) 유럽 가축우,효능 · 효과 외상에 따른 염증성 부종성 혈종성 증상 관절염 봉소염 급만성 기관지염 기관의 객출곤란 유방염 고환염 비염
298,포스파티딜콜린,포스파티딜콜린 두뇌 건강과 두뇌 발달을 도와줍니다학습작업에서의 기억력 개선청소년 양극성 장애 개선태아의 뇌 발달 장애 예방
299,r-알파리포산,R-리포산은 세포 및 미토콘드리아 항산화 활성을 증가시키고 노화와 관련된 미토콘드리아 붕괴를 방지합니다 이 때문에는 노화와 산화 스트레스의 증가는 감소 될 수 있다고 한다 R-리포산은 신경 보호적이며 노화와 관련된 인지 결핍을 늦추는 동시에 기억력을 향상시키는 것으로 나타났습니다
300,코엔자임q10,코큐텐 경우 활성산소 제거 효과 탁월하여 심혈관계 질환 예방 치료 면역 기능 강화 노화 방지 목적 전세계 널리 사용 되고 성분 혈관 인체 기관 손상 가져오는 활성산소 싸우는 강력한 항산화 기능 갖고
301,커큐민(curcuvail®),학계에서 주목하는 커큐민의 다양한 약리학적 효과는 커큐민의 매우 강력한 항염 그리고 항산화 작용에 의한 것인데요 커큐민은 만성 염증과 마찬가지로 우리 몸을 늙고 병들게 만드는 또 하나의 요인인 활성 산소 또한 억제하는 것으로 알려져 있습니다
302,l-글루타치온,글루타치온이란 세 가지 아미노산(글라이신 시스테인 글루탐산)이 결합한 물질이에요 간에서 자연적으로 생성되며 활성산소를 제거하고 노화를 막아주는 기능을 해요 항산화 효과가 뛰어나 피부 속 멜라닌 생성을 막아줘 미백 효과가 있다고 알려져 있어요
303,nad+(니코틴아마이드아데닌다이뉴클레오타이드),생체에너지 생산에 기여하는 전달물질'로 알려져 있다 최근 연구 결과 NAD는 노화를 막는데 필요한 기능을 한다는 사실이 확인됐다 세포 내 NAD가 늘어냐면 신경 근육 대사 질환 노화 관련 질환 치료효과 역시 기대된다
304,레스베라트롤,레스베라트롤은 식물 유래 물질이면서 여성 breast cream 눈가 관리 제품 피부 보습제 등에 적용되고 있습니다 여성호르몬인 에스트로겐과 유사한 물질로서 안면 홍조 조울증 등 여성의 생리 증후군 및 갱년기 증상 완화에 효능이 있는 것으로 알려져 있습니다
305,사카로미세스보울라디,연구 사카 미세 스 보울라 디 주요 임 상 연구 검토 결과 보고 있습니다 소아 항생제 관련 급성 박테리아 바이러스 기생충 의한 여행자 장내 영양 관련 증상 개선 기여 하는 관찰 되었다
306,시서스(cissus quadrangularis) 줄기 및 잎 추출물,서 스 혈중 콜레스테롤 중성 지방 수치 떨어뜨린다 특히 렙틴 배고픔 조절 호르몬 제어 하는 소 람 틴 퀘르세틴 함유 해 포만 감 있음에도 음식 자꾸 먹는 과식증 폭식증 습관 과식 방한 다
307,당알코올,설탕 치아 법랑 질 침식 하는 산 증식 분비 하는 반면 당알코올 충치 예방 충치 균 번식 막는다 소르비톨 에리 스리 톨 자일리톨 같은 효과 핀란드 껌 대명사 자일리톨 경우 실제 충치 예방 효과 입증 됐다
308,유기농 회향씨(foeniculum vulgare),회향은 장의 연동운동을 원활하게 하고 헛배가 불러 속이 더부룩한 것을 풀어주며 위를 튼튼하게 해 소화가 잘 되게 도와주는 작용을 하는데 위를 덥게 해 찬기를 없애고 위를 화(和)해 식욕을 증가시킨다
309,유기농 생강뿌리(zingiber officinale),항산화와 항당뇨 등 생리활성 효과 뛰어나우리가 주로 섭취하고 있는 생강의 부위는 뿌리다  ​생강의 매운맛을 나타내는 주성분인 6-gingerol과 6-shogaol은 항산화 항염증에 대한 효과를 나타내는 것으로 알려져 있다  ​
310,락토바실러스 람노서스 gg≥,L rhamnosus GG 영유아와 어린이 면역반응 조절에 탁월한 효과가 있어요 많은 연구를 통해 영유아와 어린이의 면역에 유익한 작용을 한다는 결과를 얻었고 설사 개선 아토피 예방 등에도 효능이 확인되었어요
311,락토바실러스람노서스gg≥,소장과 여성의 질 안에 살면서 유해균을 억제하고 유익균 증식을 돕는 역할을 해요 우리 건강에 도움을 주는 프로바이오틱스는 주로 장내 생존력과 정착성이 높은 경우가 많은데 락토바실러스 람노서스는 특히 내산성 내담즙성이 강하다고 알려져 있어요
312,블랙엘더베리열매추출물(sambucus nigra l.),블랙 앨더 베리 ( Black elderberry _ Sambucus Nigra _) 알려진 식물 자연 존재 하는 플라보노이드 화합물 인해 강력한 항산화 특성 가진다 엘더 베리 피부 진정 효과
313,lactospore®(바실러스코아귤런스 mtcc 5856),LactoSporin®은 또한 뛰어난 항균 활성도를 가지고 있는 것으로 평가받고 있다 21일 동안 진행된 임상시험 결과 여드름 병변의 염증 상승 홍조를 줄이고 피지 분비를 줄이는 효과가 크게 나타났다
314,프리바이오틱이눌린(치커리뿌리섬유소),일반적으로 이눌린은 변비 개선 장질환 예방 혈청 콜 레스테롤 감소 효과 혈중지질 저하 효과 혈당 강하 효과가 있다고 알려져 있다(Fiordaliso 등 1995)
315,유기농회향씨(foeniculum vulgare),회향은 장의 연동운동을 원활하게 하고 헛배가 불러 속이 더부룩한 것을 풀어주며 위를 튼튼하게 해 소화가 잘 되게 도와주는 작용을 하는데 위를 덥게 해 찬기를 없애고 위를 화(和)해 식욕을 증가시킨다
316,콜린(콜린타르타르산염),콜린 타르타르산 염 억 형성 관여 하는 신경 전달 물질 아세틸콜린 구성요소 로트 산수 화물 세포 재생 과정 도움 주는 성분
317,lactospore®(바실러스코아귤런스 mtcc5856),LactoSporin®은 또한 뛰어난 항균 활성도를 가지고 있는 것으로 평가받고 있다 21일 동안 진행된 임상시험 결과 여드름 병변의 염증 상승 홍조를 줄이고 피지 분비를 줄이는 효과가 크게 나타났다
318,생강뿌리(zingiber officinale)10:1 추출물,Zingiber Officinale ( Ginger ) Root Extract * 생강 추출 물 생강 ( Zingiberacae ) 식물 유래 추출 물 경구 섭취 국소 적용 진정 강력한 항산화 작용 한다는 연구 결과
319,콜린(콜린 중주석산염),콜린은 지방 대사에 관여하여 지방간이나 혈중 과다 지방 상태를 예방하는 데 유용한 물질입니다 더불어 콜린의 효율적인 지방 대사는 더 높은 수준의 포만감과 관련이 있어 전반적인 체중 감소에도 도움을 주는데요
320,lactospore®(bacillus coagulans mtcc 5856),환자 현재 세트 ( current set of patient ) B 코 귤런스 MTCC 5856 는 불면 매우 유익하고 치매 유익한 밝혀졌다 ( 표 3 3 c d f )
321,유기농 산자나무 오일,코셔 인증 유기농 인증 받은 히말라야 산 산지 원료 만든 산자 나무 오일 백혈구 영양 공급 하며 피부 심장 콜레스테롤 소화 건강 인체 전반 작용 하는 성분 입니다 리놀렌산 오메가 3 리놀렌산 오메가 6 올레산 오메가 9 비타민 E 들어있어요
322,유기농 산자나무 열매 오일,코셔 인증과 유기농 인증을 받은 히말라야산 고산지대에서 원료로 만든 산자나무 씨 오일에는 백혈구에 영양을 공급하며 피부 심장 콜레스테롤 소화 간 건강으로 인체 전반에 작용하는 성분입니다 리놀렌산 오메가3와 리놀렌산 오메가6와 올레산 오메가9 그리고 비타민E가 들어있어요
323,유기농 산자나무씨오일,코셔 인증 유기농 인증 받은 히말라야 산 산지 원료 만든 산자 나무 오일 백혈구 영양 공급 하며 피부 심장 콜레스테롤 소화 건강 인체 전반 작용 하는 성분 입니다 리놀렌산 오메가 3 리놀렌산 오메가 6 올레산 오메가 9 비타민 E 들어있어요
324,유기농 산자나무 씨 오일,코셔 인증과 유기농 인증을 받은 히말라야산 고산지대에서 원료로 만든 산자나무 씨 오일에는 백혈구에 영양을 공급하며 피부 심장 콜레스테롤 소화 간 건강으로 인체 전반에 작용하는 성분입니다 리놀렌산 오메가3와 리놀렌산 오메가6와 올레산 오메가9 그리고 비타민E가 들어있어요
325,산자나무 씨 오일,이 오일은 욕창을 줄이고 습진을 치료하며 기미여드름 알레르기 및 염증성 병변을 줄입니다 씨벅톤 오일은 영양 시스템 십이지장 또는 설사의 염증 진정 효과가 있다 씨벅톤 오일은 만성 위궤양 질환의 치료 및 질 및 자궁 경부 염증 및 자궁 침식에 성공적으로 사용됩니다
326,리놀렌산(오메가 6),[감마리놀렌산 효능] 여성 건강과 이너뷰티를 한 번에 감마리놀렌산의 4가지 효능폐경기 고혈압 및 복부 비만 개선요요 현상 감소피부 장벽 강화염증성 및 비염증성 여드름 병변 감소
327,올레산(오메가 9),오메가 - 9 지방산 심 혈관 질환 뇌졸중 위험 낮추는 도움 될 오메가 - 9 는 오메가 - 9 HDL 콜레스테롤 ( 좋은 콜레스테롤 ) 증가 시키고 LDL 콜레스테롤 ( 나쁜 콜레스테롤 ) 감소 시키는 나타났기 심장 건강 도움 된다
328,알파 리놀렌산(ala),알파 리놀렌산은 체내에 들어가면 DHA와 EPA로 변환됩니다 혈액을 원활하게 하여 동맥 경화나 심근 경색을 방지하고 뇌의 기능을 높이는 등의 효과가 있습니다 체내에서 EHA로 변환되기 때문에 뇌세포를 활성화하는 작용도 있습니다
329,오메가-9 단일불포화 지방:,오메가-9 지방산은 식물성 및 동물성 지방에서 흔히 발견되는 불포화 지방산 계열이다오메가-9의 건강에 미치는 주요 이점은 다음과 같다심혈관 질환 및 뇌졸중 위험 감소  에너지 증가 기분 저하 및 기분 향상  알츠하이머 환자에게 혜택을 줄 수 있다
330,오메가3 고도불포화 지방: 알파 리놀렌산(ala),또 생선을 많이 섭취하면 뇌졸중 특히 뇌경색에 의한 뇌졸중을 예방하는 효과가 있다 이는 서구인이나 동양인 그리고 남녀 모두에서 관찰되었다 그리고 식물성 기름에 많은 오메가-3 지방산인 알파-리놀렌산을 많이 섭취하여도 관상동맥질환을 예방하는 효과가 있다
331,오메가-9 단일불포화 지방: 올레산,오메가-9 지방산이 심혈관 질환 및 뇌졸중 위험을 낮추는 데 도움이 될 수 있다 오메가-9는 오메가-9가 HDL 콜레스테롤 (좋은 콜레스테롤)을 증가시키고 LDL 콜레스테롤 (나쁜 콜레스테롤)을 감소시키는 것으로 나타났기 때문에 심장 건강에 도움이 된다
332,오메가-9 단일불포화 지방 :올레산,오메가9 오일은 분자구조상 탄소이중결합이 하나만 있어 단일 불포화지방산이라 불립니다 이 이중결합 부분이 유동적이어서 포화지방처럼 굳지 않고 상온에서 액체상태를 유지하는 겁니다 우리 몸에 들어 가서도 이러한 상태를 유지하여 혈액을 묽게하여 혈액순환을 좋게하고 심장병을 예방하는 겁니다
333,오메가3 고도불포화지방:알파리놀렌산(ala),역학 임상시험 의하면 오메가 - 3 지방산 심장 혈관 질병 감소 시킨다고 한다 매일 EPA + DHA 05 18 g α - 리놀레산 15 3 g 취하 심장 병 예방 좋다고 한다 긴 사슬 오메가 - 3 지방산 동맥경화증 암 관절염 좋다고 한다
334,오메가9 단일불포화 지방:올레산,오메가9 오일은 분자구조상 탄소이중결합이 하나만 있어 단일 불포화지방산이라 불립니다 이 이중결합 부분이 유동적이어서 포화지방처럼 굳지 않고 상온에서 액체상태를 유지하는 겁니다 우리 몸에 들어 가서도 이러한 상태를 유지하여 혈액을 묽게하여 혈액순환을 좋게하고 심장병을 예방하는 겁니다
335,오메가3 고도불포화 지방:알파 리놀렌산(ala),역학 및 임상시험에 의하면 오메가-3 지방산은 심장혈관 질병을 감소시킨다고 한다 매일 EPA +DHA를 05에서 18g 그리고 α-리놀레산은 15에서 3g를 취하면 심장 병 예방에 좋다고 한다 또한 긴 사슬 오메가-3 지방산은 동맥경화증 암 및 관절염에 좋다고 한다
336,오메가9 단일불포화 지방: 올레산,오메가9 오일은 분자구조상 탄소이중결합이 하나만 있어 단일 불포화지방산이라 불립니다 이 이중결합 부분이 유동적이어서 포화지방처럼 굳지 않고 상온에서 액체상태를 유지하는 겁니다 우리 몸에 들어 가서도 이러한 상태를 유지하여 혈액을 묽게하여 혈액순환을 좋게하고 심장병을 예방하는 겁니다
337,오메가-3 고도불포화 지방:알파 리놀렌산(ala),역학 및 임상시험에 의하면 오메가-3 지방산은 심장혈관 질병을 감소시킨다고 한다 매일 EPA +DHA를 05에서 18g 그리고 α-리놀레산은 15에서 3g를 취하면 심장 병 예방에 좋다고 한다 또한 긴 사슬 오메가-3 지방산은 동맥경화증 암 및 관절염에 좋다고 한다
338,오메가-6 고도불포화 지방:리놀렌산(la),오메가-6 식품의 효능신경 통증 완화에 도움 연구에 따르면 감마 리놀렌산 (γ-linolenic acid GLA)는 오메가-6 지방산의 한 유형으로  류마티스 관절염 치료  ADHD의 증상을 완화  혈압 감소  심장 질환 위험 감소  뼈 건강의 증진
339,감마 리놀렌산(gla),[감마리놀렌산 효능] 여성 건강과 이너뷰티를 한 번에 감마리놀렌산의 4가지 효능폐경기 고혈압 및 복부 비만 개선요요 현상 감소피부 장벽 강화염증성 및 비염증성 여드름 병변 감소
340,오메가-9 단일불포화 지방:올레산,오메가9 오일은 분자구조상 탄소이중결합이 하나만 있어 단일 불포화지방산이라 불립니다 이 이중결합 부분이 유동적이어서 포화지방처럼 굳지 않고 상온에서 액체상태를 유지하는 겁니다 우리 몸에 들어 가서도 이러한 상태를 유지하여 혈액을 묽게하여 혈액순환을 좋게하고 심장병을 예방하는 겁니다
341,사포닌,사포닌 ( saponin ) 은 식물계 널리 분포 하는 트리 텔펜 스테로이드 계 배당 총칭 예전 비 영양 물질 알려졌으나 항 암 항산화 콜레스테롤 저하 효과 밝혀지면서 생리 활 성 물질 각광 받기 시작 했습니다
342,이소플라본,소 플 본의 항 암 효과 유방암 대해 가장 많은 연구 보고 되었습니다 유방암 이외 전립선암 대장암 심 혈관 질환 골다공증 폐경기 증후군 예방 긍정 역할 하는 알려져 있습니다
343,당류 알코올,당알코올류는 완 하작용이 있으며 혈당을 상승시키지 않기 때문에 당뇨병 환자 용감미성 식품에 이용되고 우식예방에도 이용된다 특히 껌류 에 sucrose 대신 사용되고 있으며 구미에서는 이들 sorbitol이 함유된 껌류의 점유율이 40~70% 이상을 차지하고 있다
344,오메가-3 고도불포화 지방알파리놀렌산(ala),또 생선을 많이 섭취하면 뇌졸중 특히 뇌경색에 의한 뇌졸중을 예방하는 효과가 있다 이는 서구인이나 동양인 그리고 남녀 모두에서 관찰되었다 그리고 식물성 기름에 많은 오메가-3 지방산인 알파-리놀렌산을 많이 섭취하여도 관상동맥질환을 예방하는 효과가 있다
345,오메가9단일불포화지방올레산,오메가-9 지방산이 심혈관 질환 및 뇌졸중 위험을 낮추는 데 도움이 될 수 있다 오메가-9는 오메가-9가 HDL 콜레스테롤 (좋은 콜레스테롤)을 증가시키고 LDL 콜레스테롤 (나쁜 콜레스테롤)을 감소시키는 것으로 나타났기 때문에 심장 건강에 도움이 된다
346,오메가3 고도불포화 지방: 알파리놀렌산(ala),또 생선을 많이 섭취하면 뇌졸중 특히 뇌경색에 의한 뇌졸중을 예방하는 효과가 있다 이는 서구인이나 동양인 그리고 남녀 모두에서 관찰되었다 그리고 식물성 기름에 많은 오메가-3 지방산인 알파-리놀렌산을 많이 섭취하여도 관상동맥질환을 예방하는 효과가 있다
347,올레산,올레산(oleic acid)은 열을 가해도 파괴되지 않으며 몸에 나쁜 LDL콜레스테롤는 낮추고 몸에 좋은 HDL콜레스테롤은 높인다 동맥경화 및 심장병을 예방하는 효과가 있다 올레산은 모유에도 많이 함유된 지방산인데 아기의 성장과 발달을 돕는 데 도움이 된다
348,오메가-3 고도불포화 지방알파-리놀렌산(ala),덕분에 일반 식품에선 쉽게 얻을 수 없는 오메가3지방산인 알파 리놀렌산을 호두에선 마음껏 얻을 수 있죠 일반 다른 견과류보다 8배에 달하는 알파 리놀렌산을 호두는 포함하고 있답니다 알파 리놀렌산은 뇌의 노화를 억제하고 동맥경화를 예방해 젊음을 유지하도록 도와주는 역할을 한다고 해요
349,사포닌,사포닌 ( saponin ) 은 식물계 널리 분포 하는 트리 텔펜 스테로이드 계 배당 총칭 예전 비 영양 물질 알려졌으나 항 암 항산화 콜레스테롤 저하 효과 밝혀지면서 생리 활 성 물질 각광 받기 시작 했습니다
350,이소플라본,이소플라본의 항암효과는 유방암에 대해서 가장 많은 연구가 보고되었습니다 유방암 이외에도 전립선암과 대장암 심혈관 질환 골다공증 및 폐경기 증후군 등의 예방에 긍정적인 역할을 하는 것으로 알려져 있습니다
351,세코이소라리시레시놀 다이글리코사이드,이러한 세코이소라리시레시놀 디글루코사이드는 식물성 호르몬의 일종으로서 에스트로젠(estrogen)과 구조적으로 유사하며 체내에서 에스트로젠 합성에 관여하는 효소의 작용을 방해하여 에스트로젠의 함량을 낮춰주는 기능을 가지고 있다
352,기타 오메가-3 지방산,오메가-3는 혈소판 응집과 염증반응을 감소시키고 혈중 중성지방의 농도를 감소시키고 심박수와 혈압을 강하시켜 심혈관계 질환으로 인한 사망을 감소시키는 것으로 생각되고 있습니다
353,기타 오메가3 지방산,오메가-3는 혈소판 응집과 염증반응을 감소시키고 혈중 중성지방의 농도를 감소시키고 심박수와 혈압을 강하시켜 심혈관계 질환으로 인한 사망을 감소시키는 것으로 생각되고 있습니다
354,기타 오메가3지방산,오메가 - 3 는 혈소판 응집 염증 반응 감소 시키고 혈중 중성 지방 농도 감소 시키고 심박수 혈압 강하 시켜 심혈관계 질환 인한 사망 감소 시키는 생각 되고 있습니다
355,붕소(붕소아스파테이트),붕소는 세포 벽 형성 안정화와 석회화 그리고 목질부 구분에 관여합니다 뿌리에서 꽃과 과일까지 새로운 조직의 정상적인 생장을 위해 필요합니다 붕소는 꽃가루 생성과 꽃가루 형성 그리고 활성화에 역할이 있습니다 따라서 부족한 붕소 공급은 꽃과 과일이 잘 만들어지지 않게 합니다
356,터키 꼬리 추출물 (전체),실제로 한 연구에서는 터키 꼬리 버섯 추출물 샘플에서 플라보노이드 항산화제인 케르세틴과 바이칼레인과 함께 35 가지가 넘는 페놀 화합물을 발견했습니다 페놀 및 플라보노이드 항산화제는 염증을 줄이고 보호 화합물의 방출을 자극하여 면역계 건강을 증진시킵니다
357,바나듐(바나딜 설페이트),바나딜 설페이트는 시험 관내 및 동물 모델의 당뇨병 고혈당증 및 인슐린 저항성을 감소시키는 것으로 밝혀진 바나듐의 산화 형태이다
358,수용성섬유소,수용성 식이섬유소 과일 류 해조류 견과류 들어있으며 콜레스테롤 중성 지방 낮추어 심 혈관 질환 예방 합니다 당 흡수 늦추어 당뇨병 예방 치료 도움 됩니다 오랫동안 포만 감 느끼게 하여 체중 조절 도움 됩니다
359,불용성섬유소,불용성 식이섬유소는 곡류 콩류 채소류에 주로 들어있으며 변의 부피를 늘리고 부드럽게 하며 유익한 장내 세균을 증식시켜 장운동을 촉진시켜 변비를 예방합니다 또한 발암물질에 달라붙어 대장을 빨리 통과하여 배출하도록 도와 대장암을 예방합니다
360,l. 루테리dsm,락토바실러스 루테리 (Lactobacillus reuteri) DSM 17938의 투여는 정상적이고 건강한 뉴런과 신경교 발달을 증진한다 이것은 또한 말초 신경계에서 건강한 뉴런 분화를 담보한다
361,l. 루테리 dsm,락토바실러스 루테리 (Lactobacillus reuteri) DSM 17938의 투여는 정상적이고 건강한 뉴런과 신경교 발달을 증진한다 이것은 또한 말초 신경계에서 건강한 뉴런 분화를 담보한다
362,락토바실러스루테리 atcc pta,mutans Candida albicans 등 구강병원성 세균인 그람 양성균과 그람 음성균의 증식을 억제한다[17]
363,락토바실러스 루테리dsm 17938,루테리 효능 같습니다 L 루테리 대장균 비롯 유해 균 억제 하며 전반 건강 도움 있습니다
364,락토바실러스루테리dsm17938(l. reuteri protectis®),락토바실러스 루테리 (Lactobacillus reuteri) DSM 17938의 투여는 정상적이고 건강한 뉴런과 신경교 발달을 증진한다
365,피쉬 오일,피쉬 오일을 적당량 챙겨 먹으면 다음의 효과가 있다1 # 계절성알레르기를 치료해준다  심장 건강에 좋다  피부 상태를 개선한다  뇌 건강을 향상한다  눈 관련 문제를 치료해준다  뇌졸중을 예방한다  우울증과 불안장애가 생기는 것을 예방해준다
366,총 오메가3 지방산,오메가-3 지방산은 혈액을 맑게 해주고 콜레스테롤을 낮춰주며 고지혈증을 예방한다는 점에서 심혈관 질환을 개선하는데 효능이 있다
367,수영 허브,한방에서는 산모(酸模)라는 이름으로 알려져 있으며 해열·이뇨·양혈(? 血)·지갈(止渴)·소종(消腫)의 효능이 있어 소변불리·방광결석·토혈·소갈(消渴)·개선(疥癬)·창종(瘡腫) 등에 치료제로 쓰인다
368,엘더꽃,#SCI급논문보유 #엘더꽃추출물 #엘더플라워추출물 #ElderFlowerExtract 피부 효능 #항산화효과 #피부살균수렴 #피부진정효과 #피부유연화제 #염증상처치유효과 #항바이러스효과 효능 화장품 원료 사용 하기 좋은 소재 입니다
369,앵초꽃,어린싹은 나물로 먹고 꽃이 아름다워 관상용으로 기른다 앵초의 뿌리는 땅 속에서 옆으로 뻗는데 이것을 약으로 사용하기 위하여 8·9월에 채취한다 진해·거담 효과가 있으며 1회에 8∼12g을 사용한다 그러나 이러한 효능은 다른 진해·거담제에 비하여 그 작용이 미약하다
370,버베나 허브,레몬버베나의 효능○ 진정 효과 진정 작용이 있어 신경이 긴장할때나 좌절할때 우울할 때 허브티로 음용하면 신경을 진정시켜 느긋한 기분이 될수 있습니다  ○ 소화를 촉진하는 효과 식후에 레몬버베나 티를 마시면 소화를 촉진시켜 위장의 기능을 도와줍니다  ○ 식욕 증진 효과
371,용담 뿌리,용담 뿌리 쓴맛 내는 겐티 피크 린 성분 들어 있는데 성분 침 위액 분비 촉진 활성화 시켜 식욕 증진 시키는 효능 열 내리고 염증 삭이는 작용 상당히 강한 알려져 특히 열 많을 열 내리는 작용 탁월하다고 한다
372,모링가잎(10:1 추출물 500mg에서),지금까지 밝혀진 바에 의하면 모링가 잎에는 아스코르빈산과 아연 알라닌과 세린 등의 아미노산 성분이 풍부하게 함유되어 있으며 체내에 이들 영양소가 많아지면 췌장의 베타 세포를 복원하고 인슐린 분비를 촉진시킴으로써 혈당 조절에 도움이 될 수 있습니다
373,이산화규소,실리카 잘 알려져 있듯이 혈관 근육 조직 튼튼하고 유연하게 하는 도움 됩니다 실리카 콜레스테롤 수치 낮추고 동맥 경화 위험 줄여 고혈압 심장 건강 보호 할 있다고 합니다
374,모링가잎(10:1 추출물 500 mg에서),지금까지 밝혀진 바에 의하면 모링가 잎에는 아스코르빈산과 아연 알라닌과 세린 등의 아미노산 성분이 풍부하게 함유되어 있으며 체내에 이들 영양소가 많아지면 췌장의 베타 세포를 복원하고 인슐린 분비를 촉진시킴으로써 혈당 조절에 도움이 될 수 있습니다
375,꿀벌프로폴리스추출물,둘째 꿀벌은 벌집의 틈이 난 곳에 프로폴리스를 발라 병균이나 바이러스로부터 스스로를 보호하는데 이는 다양한 유기물 및 무기질을 함유하여 민감한 피부를 진정시키고 항알레르기 항염 항박테리아성 항균 역할을 합니다
376,벌꽃가루,화분 폐 조직 항 염증 효과 가진 산화방지제 포함 있어 천식 방한 다 나아가 알레르기 치료 소화 돕고 면역체계 강화하고 자극 억제 하며 혈관 강화하고 콜레스테롤 수치 낮춰 여성 난소 기능 재생 한다 화분 임신 촉진 호르몬 촉진 역할 한다
377,로열젤리복합체(로열젤리 동결건조로열젤리),로열젤리의 약리효과는 항노화 효과 빈혈 저혈압 예방 및 치료 함암 뇌신경세포 세포 활성화로 인한 파킨스씨병 치료 동맥경화 고혈압 등 치료 효과 등이 있는 것으로 알려져 있다
378,꿀,달콤한 꿀의 효능 5가지피로해소 꿀의 주성분인 포도당과 과당은 소화가 필요 없는 단당류로서 체내 흡수가 빨라 피로해소를 빠르게 하는 효과가 있다  피부미용  성인병 예방  기침 증상 완화  변비 예방
379,메밀꿀,메밀 꿀의 효능상처 및 화상 치료설사 증상 완화위산 역류 방지감염 퇴치기침 및 감기 증상 완화항산화 제가 매우 풍부함중성 지방 수치를 낮추는 데 도움이됩니다
380,엘더베리열매추출물,엘더베리는 다양한 영양성분과 항산화성분으로 항산화와 항바이러스 효과가 매우 뛰어납니다 기침과 감기 치료에 효과적이며 염증을 완화시키는 소염효과도 가지고 있습니다 신체 전반의 면역력을 높여 줌으로써 다양한 질병을 예방하는 효과를 가지고 있습니다
381,차가버섯(mycelium)추출물,차가 버섯 효능 관 연구 항 결핵 활 성 ( Song 2011 ) 비장 세포 증식 능 cytokine 생 성능 미치는 영향 ( Kim 2010 ) 항산화 항 암 효과 ( Qi 2013 ) 면역 조절 미치는 영향 ( An 2010 ) 체중 증가 억제 지방 대사 개선 작용 ( Kim
382,포도씨추출물,포도 추출 물 올리고 메릭 프로 시아 딘 ( OPC ) 불리우는 강력한 항산화 성분 매우 풍부하여 혈관 건강 혈액 순환 심 혈관 건강 큰 도움 줍니다 OPC 는 눈 건강 기능 도움 줍니다 업계 최고 함량 포도 추출 물 제품 강력 천연 항산화 작용 !
383,올리브 잎추출물,올리브 잎 추출 물 전통 의학 오랫동안 염증 감기 독감 칸디다증 요로 감염 대상 포진 변비 알레르기 알츠하이머 병 만성 피로 증후군 관절염 같은 질병 예방 치료 사용 되어 왔습니다
384,l-시스틴,효능 입 ? 습진 여드름 보조 치료 손톱 발톱 머리카락 쉽게 갈라지는 각질 부위 질환 보조 치료 사용 합니다
385,l- 글루타민 (자유형),L-글루타민은 뇌 건강에 도움을 준다 장누수증후군 과민성대장증후군 우울증 지방간 예방에 기여한다 면역력 향상 피부미용 근육 성장도 돕는다 섭취량은 하루 2~5g이다
386,타우린(유리형),먼저 타우린은 무독성으로 각종 성인병 알코올 중독 스트레스와 같은 현대병에 효능이 좋습니다 어른들이 술을 드시고 나서 해산물이 들어있는 음식을 드시면 알코울도 분해하고 간도 보호된다고 합니다 또 타우린은 뇌의 기능을 도와줘서 혈압을 안정시키고 뇌졸중의 예방에 도움이 됩니다
387,식물성 영양소 새싹(브로콜리 싹 셀러리 물냉이 케일 겨자 양배추 싹),새싹 채소는 항암효과 뿐만 아니라 성인병 예방에도 탁월한 효능을 가지고 있으머 특히 고혈압에 탁월한 효능을 가지고 있는 새싹 채소가 많이 있습니다 다채 설채 유채 등의 유채과 새싹 채소들은 카로틴을 다량 함유하고 있어 비타민 A 부족시 걸리기 쉬운 야맹증 예방에 효과가 있습니다
388,토마토 추출물(라이코펜),토마토 추출 물 Solanum lycopersicum ( tomato ) fruit Ext 보습 력 항산화 력 멜라닌 색소 침착 억 제해 미백 효과 우수하며 항산화작용 유해 산소 없애 줍니다 항산화물질 라이코펜 몸속 쌓인 유해 산소 제거 함 질병 예방 치료 합니다
389,식물 원료 영양소 스피룰리나,스피룰리나 속 함유 된 베타카로틴 지용성 항산화 활 성 물질 피코 아닌 수용성 항산화 활 성 물질 항산화 효과 암세포 발생 억제 암세포 조기 사멸 시키고 암세포 전이 막아주는 작용 합니다
390,감귤류 바이오플라보노이드,바이오 플라보노이드 모세혈관 침투 성 높여주어 혈관 건강하게 하고 비타민 C 흡수 도와주고 산화 방지 해줍니다 바이오 플라보노이드 감귤류 노란색 띄는 헤스 페리 딘 메밀 귀리 들어있는 루틴 있습니다
391,아마씨 분말,대변 늘리고 규칙 배변 활동 하는데 도움 줍니다 이로 인해 소화기관 건강 증진 시키고 변비 과민성 대장 증후군 게실염 개선 효과 작용 합니다 이외 갱년기 증상 완화 다이어트 도움 노화 예방 여성 질환 개선 피부 미용 효과 다양한 효능 있습니다
392,달맞이꽃 오일 분말,팔방미인 달맞이꽃종자유 효능과 부작용생리통 및 생리전증후군(PMS)에 도움 달맞이꽃종자유에는 감마리놀렌산과 리놀렌산이 풍부해서 여성들에게 발생하는 생리통과 특정 시기에 예민해지는 생리전증후군(PMS)에 도움을 준다  혈관 기능 개선에 도움  염증 치료에 도움  피부미용 & 비만 해소
393,루틴,루틴 혈관 저항력 향상 시켜 고혈압 동맥경화 뇌출혈 당뇨병 성인병 예방 하는 효과 메밀 술 해독 돕는 콜린 성분 들어 있어 숙취 해소 좋다 메밀 피부 미용 좋은 식품 메밀 들어 있는 시스틴 성분 피부 생 성 활성화 노화 방지 한다
394,dna,DNA 주사 연어 폴리 디 성분 추출 치료 제로 폴리 디 은 인체 섬유 세포 증식 활성화 시키는 성분 입니다 더욱 튼튼하게 만들어주는 효과 있습니다 십견 어깨 충돌 증후군 회전 파열 발목 안정 증 있습니다
395,헤스페리딘,o 헤스페리딘은 동맥경화나 고혈압 예방 항산화 항암효과가 인정되고 있다 - 지질과산화물 형성을 억제하여 노화 지연 등의 항산화 효과 항염증 효과 및 항암 작용 콜레스테롤을 낮춰주는 작용을 한다
396,paba (파라 아미노 벤조산),동물실험 의하면 비타민 판토텐산 엽산 사용 하면 흰 머리 자연 색 환원 시키는 효과 있다고 보고 되어 o 판토텐산 ( 비타민 B 5 ) 합성 하도록 도와준다 o 엽산 합성 원료 적혈구 생 성 보 효소 작용 다
397,리코펜 (토마토 추출물),토마토 추출 물 Solanum lycopersicum ( tomato ) fruit Ext 보습 력 항산화 력 멜라닌 색소 침착 억 제해 미백 효과 우수하며 항산화작용 유해 산소 없애 줍니다 항산화물질 라이코펜 몸속 쌓인 유해 산소 제거 함 질병 예방 치료 합니다
398,쇠뜨기분말,쇠뜨기 맛 쓰고 성질 서늘하다 열 내리고 사열 제거 이뇨 효능 북한 펴낸 < 약초 성분 이용 > 납중독 예방 치료 하는 쇠뜨기 이용 방법 기술
399,보론(아미노산복합체),보론의 건강효과는 크게 3가지이며 뼈 건강 항암(특히 전립선 자궁 경부 폐) 건강한 노화입니다
400,바나듐(바나듐니코티네이트비스글리시네이트킬레이트),일부 연구에 따르면 바나듐은 콜레스테롤 수치를 낮추어 심혈관 질환 발병을 예방하는것으로 나타났습니다 바나듐은 또한 조직 배양에서 인간 전립선 암 세포의 성장을 억제하고 뼈 암(골종양)과 간암을 감소시키는 것으로 나타났습니다
401,보론(아미노산 킬레이트),보론의 건강효과는 크게 3가지이며 뼈 건강 항암(특히 전립선 자궁 경부 폐) 건강한 노화입니다
402,바나듐(바나듐 니코티네이트 비스글리시네이트 킬레이트),일부 연구에 따르면 바나듐은 콜레스테롤 수치를 낮추어 심혈관 질환 발병을 예방하는것으로 나타났습니다 바나듐은 또한 조직 배양에서 인간 전립선 암 세포의 성장을 억제하고 뼈 암(골종양)과 간암을 감소시키는 것으로 나타났습니다
403,보론(시트레이트 아스파테이트 글리시네이트),보론의 건강효과는 크게 3가지이며 뼈 건강 항암(특히 전립선 자궁 경부 폐) 건강한 노화입니다
404,보론(구연산염 아스파르트산염 글리시네이트),보론의 건강효과는 크게 3가지이며 뼈 건강 항암(특히 전립선 자궁 경부 폐) 건강한 노화입니다
405,감귤류 바이오플라보노이드 복합체,바이오 플라보노이드 모세혈관 침투 성 높여주어 혈관 건강하게 하고 비타민 C 흡수 도와주고 산화 방지 해줍니다 바이오 플라보노이드 감귤류 노란색 띄는 헤스 페리 딘 메밀 귀리 들어있는 루틴 있습니다
406,은행잎(ginkgo biloba)추출물,은행 엽 제제 동맥 확장 작용 혈관 탄력성 개선 시키고 혈소판 응집 억제 말초 혈액 순환 개선 해 현기증 어지러움 두통 청력 개선 이명 증상 감소 효과
407,l-글루타치온,글루타치온이란 세 가지 아미노산(글라이신 시스테인 글루탐산)이 결합한 물질이에요 간에서 자연적으로 생성되며 활성산소를 제거하고 노화를 막아주는 기능을 해요 항산화 효과가 뛰어나 피부 속 멜라닌 생성을 막아줘 미백 효과가 있다고 알려져 있어요
408,제아잔틴(금잔화꽃 추출물에서 추출),루테인과 제아잔틴은 모두 눈 건강을 유지하는 데 중요한 역할을 합니다 이들은 색소 침착으로 높은 에너지를 발산하는 태양광을 차단함으로써 기저 조직이 손상되지 않게 보호합니다 이들은 또한 산화 스트레스로 인한 황반의 손상을 막아주는 항산화 영양소이기도 합니다
409,콜린(바이타르트레이트),이 약에 함유된 비타민 등의 효능·효과는 비타민B1('티아민염산염')은 신경통 근육통 관절통(요통 어깨결림 등)과 각기 눈의피로에 비타민B2('리보플라빈) 및 비타민B6('피리독신염산염')은 구각염(입꼬리염) 구순염(입술염) 구내염(입안염) 설염(혀염) 습진 피부염에
410,paba(파라 아미노벤조산),동물실험 의하면 비타민 판토텐산 엽산 사용 하면 흰 머리 자연 색 환원 시키는 효과 있다고 보고 되어 o 판토텐산 ( 비타민 B 5 ) 합성 하도록 도와준다 o 엽산 합성 원료 적혈구 생 성 보 효소 작용 다
411,이노시톨 (이노시톨 헥사 니코 티 네이트),특히 적어도 알로-이노시톨(allo-inositol) 헥사니아시네이트는 심혈관질환 고콜레스테롤혈증 및 고지혈증 뿐 아니라 니아신으로 치료될 수 있는 기타 질병의 치료에 사용될 수 있는 신규로 생성된 니아신 이노시톨 에스테르이다
412,감귤 바이오플라보노이드 복합체,바이오플라보노이드는 과일의 껍질에 많이 들어 있습니다▣ 비타민 C보다 더 강력한 항산화제 바이오플라보노이드 간염이나 기타 독성물질로부터 간이 손상되는 것을 막아줍니다모세혈관벽을 튼튼하게 함으로써 중풍 치질 정맥류 코피 쉽게 멍이 드는 것에 대한 예방효과가 있습니다더보기
413,아세로라,뉴트리라이트 아세로라 C 비타민은 비타민 C와 함께 아세로라농축물혼합물 부원료로 굴껍질분말혼합물 등을 함유한 비타민 C 보충용 제품입니다 비타민 C는 수용성 비타민의 하나로 항산화 작용을 통해 유해산소로부터 세포를 보호하여 우리 몸을 지켜줍니다
414,로즈힙,로즈힙 오일의 놀라운 효능은 다음과 같습니다피부를 촉촉하게  노화 방지의 효과  피부를 밝게  상처치료 도움  항균 항바이러스 항곰팡이  여드름 개선  피부 트임에 도움
415,루틴(sophora japonica 추출),루틴은 혈관의 저항력을 향상시켜 고혈압이나 동맥경화 뇌출혈 당뇨병 등 성인병을 예방하는 효과가 있다 또 메밀에는 술의 해독을 돕는 콜린 성분이 들어 있어 숙취해소에 좋다 메밀은 피부미용에도 좋은 식품이다 메밀에 들어 있는 시스틴 성분은 피부생성을 활성화하고 노화를 방지한다
416,citrus bioflavonoid complex,켐온 : Citrus reticulata스킨 & 헤어 뷰티장 건강 & 체중 감소스포츠 영양소활력 & 에너지 향상면역 강화기타 효능
417,붕소(시트레이트 아스파테이트 글리신산),붕소는 세포 벽 형성 안정화와 석회화 그리고 목질부 구분에 관여합니다 뿌리에서 꽃과 과일까지 새로운 조직의 정상적인 생장을 위해 필요합니다 붕소는 꽃가루 생성과 꽃가루 형성 그리고 활성화에 역할이 있습니다 따라서 부족한 붕소 공급은 꽃과 과일이 잘 만들어지지 않게 합니다
418,당류(과당),과당 포도당 글리코겐 2 동시 채워주는 잉여 혈당 글리코겐 화 위해 췌장 인슐린 분비 하는데 드는 에너지 인슐린 신호 받고 잉여 포도당 글리코겐 가공 하는데 드는 에너지 절약 해주는 끝내주는 열량 대비 효율 자랑 한다 4일
419,쇠뜨기 분말,쇠뜨기의 맛은 쓰고 성질은 서늘하다 또한 열을 내리고 사열을 제거하고 이뇨 효능이 있다 북한에서 펴낸 <약초의 성분과 이용>에서는 납중독을 예방하고 치료하는 쇠뜨기의 이용 방법을 기술하고 있다
420,유비퀴놀(kaneka qh),Kaneka QH ™ 불리우는 최적 코엔자임 형태 코엔자임 가장 흡수 력 좋고 작용 력 좋은 형태 입니다 산화 스트레스 관련 하여 어려움 있는 40 성인 분들 추천 드립니다 심장 건강 여성 건강 세포 건강 운동 회복 도움 줍니다
421,코엔자임 q10 (유비 퀴논),코엔자임큐텐 세포막 안정화 강력한 항산화 작용 코엔자임큐텐 활성산소 안정 된 분자 구조 바꾸어 주는 항산화제 작용 다 유비퀴논 스스로 항산화제 작용 할 아니라 비타민 E 항산화제 작용 할 있도록 활성화 시키는 역할 한다
422,알파리포산(티옥산),[ 신데렐라 주사 ] 항산화제 알 파리 포산 치옥트산 - 석촌동 가락동 피부 항산화작용 하여 몸 독소 활성화 산소 제거 해 피부 미백 효과 피부 노화 방지 육체 피로 감소 내장 지방 감소 신진대사 도움 줍니다
423,제아잔틴(파프리카 추출물에서 추출),루테인과 제아잔틴은 모두 눈 건강을 유지하는 데 중요한 역할을 합니다 이들은 색소 침착으로 높은 에너지를 발산하는 태양광을 차단함으로써 기저 조직이 손상되지 않게 보호합니다 이들은 또한 산화 스트레스로 인한 황반의 손상을 막아주는 항산화 영양소이기도 합니다
424,펩신(1:10000),염산(HCl)과 펩신(pepsin)은 위에 들어오는 모든 음식을 죽처럼 만들어 버립니다 그리고 음식에 포함되어 있는 세균을 화학적으로 살균하는 효과를 가지고 있습니다 위산은 펩신의 활성을 높여 줍니다 그리고 위산은 음식에 들어 있는 세균을 살균합니다
425,오메가3(알파리놀렌산),오메가-3는 혈소판 응집과 염증반응을 감소시키고 혈중 중성지방의 농도를 감소시키고 심박수와 혈압을 강하시켜 심혈관계 질환으로 인한 사망을 감소시키는 것으로 생각되고 있습니다
426,오메가9(올레산),오메가 - 9 지방산 심 혈관 질환 뇌졸중 위험 낮추는 도움 될 오메가 - 9 는 오메가 - 9 HDL 콜레스테롤 ( 좋은 콜레스테롤 ) 증가 시키고 LDL 콜레스테롤 ( 나쁜 콜레스테롤 ) 감소 시키는 나타났기 심장 건강 도움 된다
427,레시틴(순수대두레시틴추출물),뇌 활성화 시키므로 「 뇌 먹이 」 라고도 한다 레시틴 생체 콜레스테롤 가용 화 관여 하여 혈중 콜레스테롤 감소 시키므로 심근경색 심 혈관 질환 예방 효과
428,포스포리피드: 포스파티딜콜린,· 혈관 손상 시키는 나쁜 콜레스테롤 ( LDL ) 낮춰주고 좋은 콜레스테롤 ( HDL ) 높여 혈중 콜레스테롤 수치 개선 하는데 도움 있어요 · 뇌 정보 전달 하는 과정 필요한 아세틸콜린 만드는 재료 쓰이는 포스 파티 딜 콜린 들어있어요
429,포스파티딜에탄올아민,Phosphatidylethanolamine 포스 파티 딜 에탄올 아민 피부 수분 공급 다크 스팟 잠재 옅게하는 인지질 일종
430,포스파티딜이노시톨,포스파티딜세린 효능기억력·즉각 회상·언어적 학습능력 개선실행 기능 향상우울증 증상 개선
431,필수 지방산: 리놀렌산,주된 기능 세포막 구조 안전성 유지 Eicosanoid 구체 두뇌 발달 기능 유지 피부 보전 필수 지방산 결핍 되면 피부 거칠어지고 면역계 신경계 초래 하며 학습 능력 떨어지는 질환 발생 시키기 충분한 섭취 필요하다
432,팔미틱애씨드,미 틱 애 씨드 기초 화장품 샴푸 안제 정제 비누 다양한 제품 많이 사용 됩니다 기초 화장품 유화 제로 많이 사용 됩니다 거품 풍부하고 정력 뛰어나 물 비누 만드는 방식 샴푸 안제 계면활성제 많이 사용 됩니다
433,리놀렌산,[감마리놀렌산 효능] 여성 건강과 이너뷰티를 한 번에 감마리놀렌산의 4가지 효능폐경기 고혈압 및 복부 비만 개선요요 현상 감소피부 장벽 강화염증성 및 비염증성 여드름 병변 감소
434,스테아르산,-팜유에서 추출한 지방산이며 크림을 걸쭉하게 해주는 역할을 합니다 -왁스와 같은 느낌의 지방산으로서 비누를 견고하게 만들어 주며 크림 로션에 유화제로 사용됩니다
435,콜린260 mg,콜린은 지방 대사에 관여하여 지방간이나 혈중 과다 지방 상태를 예방하는 데 유용한 물질입니다. 더불어 콜린의 효율적인 지방 대사는 더 높은 수준의 포만감과 관련이 있어 전반적인 체중 감소에도 도움을 주는데요.
436,포스파티딜 에탄올 아민,포스 파티 딜 에탄올 아민 ( Phosphatidylethanolamine ) 의한 TFH 세포 대사 조절 체액 면역 TFH ( T follicular helper ) 세포 B 세포 매개 체액 면역 돕는데 매우 중요하다
437,달맞이꽃 오일,달맞이꽃 종자유 효능생리통 및 생리전증후군(PMS)에 도움 달맞이꽃종자유에는 감마리놀렌산과 리놀렌산이 풍부해서 여성들에게 발생하는 생리통과 특정 시기에 예민해지는 생리전증후군(PMS)에 도움을 준다  혈관 기능 개선에 도움  염증 치료에 도움  피부미용 & 비만 해소
438,msm (메틸 술 포닐 메탄 340 ㎎의 유기물 황을 제공함),이 성분은 칼슘과 인 다음으로 인체에서 가장 풍부하게 발견되는 미네랄로 관절건강 이외에도 면역체계와 관련된 다양한 기능을 수행합니다면역기능 강화 면역기능을 강화해주는 성분 요즘 많은 분들의 초미의 관심사일 것이라고 생각합니다  항염증  항산화
439,피쉬오일,피쉬 오일을 적당량 챙겨 먹으면 다음의 효과가 있다1 # 계절성알레르기를 치료해준다  심장 건강에 좋다  피부 상태를 개선한다  뇌 건강을 향상한다 눈 관련 문제를 치료해준다 뇌졸중을 예방한다  우울증과 불안장애가 생기는 것을 예방해준다
440,총오메가3지방산,특히 오메가 - 3 지방산 염증 혈액 응고 억제 하는 역할 하며 연어 참치 고등어 같은 푸른 생선 들기름 견과류 풍부하게 들어있습니다 혈액 속 지방 정선 찾기 ! 오메가 - 3 지방산 지방 생 성 저해 지방 분해 도와줌으로써 혈액 중성 지방 감소 시킵니다
441,dpa(도코사펜타엔산),- 한-싱 DPA로 인한 기대효과는 ①한-싱 양자간 신남방 국가와의 디지털 통상 협력 강화 ②디지털·비대면 방식 수출 증대 및 중소·창업 기업의 아세안 진출 기회 확대 ③아·태지역 및 글로벌 디지털 통상 규범 정립에 주도적 역할 등임
442,오메가6(감마리놀렌산),오메가6는 오메가3와 마찬가지로 불포화지방산의 일종이며 인체 내에서 합성되지 않기 때문에 음식으로 섭취해야 한다 혈액순환 개선과 비만을 예방하는 데 도움을 준다 두뇌 발달에 중요한 역할을 하고 피부를 건강하게 유지해준다 월경 전 증후군과 생리통을 완화하는 효과도 있다
443,dmae(2-디메틸아미노에탄올 비타르트레이트),디메틸아미노에탄올 비트아트레이트(DMAE bitartrate)는 아이제머병 지발성 운동장애 야뇨증 및 ADHD를 치료하는 데 사용된다 그것은 영양 식품 영양 첨가제 건강 관리 제품 영양 증강 일반적으로 식품 의학 화장품 영양 첨가제 등에 사용됩니다
444,글루코사민 설페이트(조개 및 갑각류),글루코사민 무릎관절염 개선에 효과 OTC 영양보조제에 사용되는 약효성분으로 골관절염 환자들이 널리 복용하고 있는 글루코사민 설페이트(Glucosamine sulfate)가 무릎관절염 개선에 뚜렷한 효과를 지닌 것으로 밝혀졌다
445,황산콘드로이틴,콘드로이친황산 효능골관절염 환자의 통증 ∙ 기능 개선골관절염 환자의 관절 붓기 개선골관절염 환자의 운동 능력 개선
446,식물성 스테롤(해바라기에서 추출한 총 스테롤의 45%),체내에서 콜레스테롤의 흡수를 경쟁적으로 억제시키는 물질 이다 음식 답즙산을 통해 흡수되는 콜레스테롤과 경쟁적으로 작용함으로써 나쁜 콜레스테롤(LDL)의 흡수를 막고 식물스테롤 그 자체는 체내에 거의 흡수되지 않는다 마이셀에 대해서 콜레스테롤보다 높은 친화력을 가진다
447,호박씨 가루,말린 호박 가루 내서 물 타서 용하게 되면 알레르기 비염 효과 있답니다 기침 자주 나면 호박 구워 꿀 설탕 곁들여 드시면 좋답니다 성 기능 회복 성욕 증대 남성 분들 좋은 성분 있답니다
448,아마씨가루,대변 늘리고 규칙 배변 활동 하는데 도움 줍니다 이로 인해 소화기관 건강 증진 시키고 변비 과민성 대장 증후군 게실염 개선 효과 작용 합니다 이외 갱년기 증상 완화 다이어트 도움 노화 예방 여성 질환 개선 피부 미용 효과 다양한 효능 있습니다
449,토마토 과일 추출물,토마토 추출 물 간암 ㆍ 전립선암 ㆍ 유방암 ㆍ 대장암 세포 증식 전이 억제 강력한 항산화 활 성 갖고 있어 세포 지방 DNA ( 유전자 ) 산화 보호 한다 심 혈관 질환 예방 면역 력 높여 준다 루틴 성분 함유 해 혈관 건강 혈압 낮추는 데도 효과
450,붉은 효모 쌀 (monascus purpureus),적색 효모쌀은 Cholesterol 저하기능 외에도 다양한 생리활성 기능을 가지고 있으므로 앞으로 고지혈증 고혈압 비만 예방 및 개선 등 의약품으로의 개발 가능성이 매우 높다고 판단된다
451,뉴클레오타이드,뉴클레오타이드 림프 조직 T 림프구 화 있어 조절 인자 활동 한다 뉴 클레 오타 이드 수준 CD 4 림프구 마크로 파지 활 력 증가 되는 발견 되었다 뉴클레오타이드 이로운 효과 체액 성 면역 경우 잘 설명 할
452,(아데노신) amp,아데노신 자체 신경 조절 물질 ( neuromodulator ) 수면 촉진 시키고 각성 억제 하는 역할 한다고 여겨진다 아데노신 혈관 확장 통해 다양한 기관 혈류 조절 역할 한다
453,(시티 딘) cmp,활동성 위ㆍ십이지장 궤양 치료 십이지장 궤양 재발방지 내시경상으로 진단된 미란성 및 궤양성 식도염
454,(구아노 신) gmp,GMP는 효능 안전성 품질 측면에서 위험성을 최소화하기 위해 임상시험에서 이용되는 시험용 의약품의 제조사에 적용되어 시행된다 또한 GMP 준수 여부는 여러 단계에서 사용되는 상이한 시험용 의약품들의 일관성을 보장하기 위해 전체 임상시험 기간 동안 수시로 조사된다
455,(uridine) ump,따라서 UMP의 섭취는 CDP-choline의 건강한 두뇌 수준 유지에 필요합니다 UMP는 CDP- 콜린경로를 돕는 비콜린성 물질로서 두뇌의 기능을 위해 콜린 외에 섭취가 필요한 물질입니다
456,글루타티온(환원된 자유형 l-글루타티온),글루타치온이란 세 가지 아미노산(글라이신 시스테인 글루탐산)이 결합한 물질이에요 간에서 자연적으로 생성되며 활성산소를 제거하고 노화를 막아주는 기능을 해요 항산화 효과가 뛰어나 피부 속 멜라닌 생성을 막아줘 미백 효과가 있다고 알려져 있어요
457,coq10(유비퀴논),코엔자임 Q 10 ( 유비퀴논 ) 은 신체 자연 생 성 되는 효소 세포 이를 이용 하여 에너지 생산 관리 합니다 항산화 효과 있습니다
458,트랜스 레스베라트롤 (호장근 뿌리 추출물),또한 레스베라트롤은 생체 외 및 동물실험 그리고 인간 대상 관찰 연구에서 항암 항산화 작용과 심장 보호 효과뿐만 아니라 항염증 항세균 항바이러스 항당뇨 항노화 및 신경 보호 작용도 하는 것을 보여 많은 관심과 주목을 받고 있다
459,단백질 성분베타-락토글로불린60%,베타 - 락토글 불린은 다양한 식품 원료 이용 될 있는 기능 영양 특성 있을 아니라 혈압 상승 억제 항균활 성 항산화작용 암 발생 저해 면역 조절 작용 진정작용 콜레스테롤 저하 작용 같은 다양한 효능 보이는 생리 활 성 펩타이드 구체 중요한 역할 하는
460,글리코 마크로 펩티드 (gmp)15 %,또한 글리코마크로펩타이드는 아미노산 중에 페닐알라닌을 함유하고 있지 않아서 페닐케논요증 환자에게 적합한 단백질원이 될 수 있고 글리코마크로펩타이드에 함유되어 있는 사이알린산 성분은 동물실험결과 뇌기능의 발달과 기억력증진에도 효과가 있는 것으로 입증되었다
461,단백질 성분 베타-락토글로불린 60%,베타 - 락토글 불린은 다양한 식품 원료 이용 될 있는 기능 영양 특성 있을 아니라 혈압 상승 억제 항균활 성 항산화작용 암 발생 저해 면역 조절 작용 진정작용 콜레스테롤 저하 작용 같은 다양한 효능 보이는 생리 활 성 펩타이드 구체 중요한 역할 하는
462,제아잔틴(금잔화꽃추출물),루테인과 제아잔틴은 모두 눈 건강을 유지하는 데 중요한 역할을 합니다 이들은 색소 침착으로 높은 에너지를 발산하는 태양광을 차단함으로써 기저 조직이 손상되지 않게 보호합니다 이들은 또한 산화 스트레스로 인한 황반의 손상을 막아주는 항산화 영양소이기도 합니다
463,아코니툼,투구꽃 신농 초경 ( 烏頭 ) 명칭 수재 되어 있고 잘 알려진 식물 맹독 성 물질 함유 독 초이 방 말린 덩이 뿌리 초오 ( 草烏 ) 한다 진통 진경 효능 비롯 다양한 효과 있으나 맹독 성 므 일반인 절대로 손 대서 안 된다
464,드로세라,한방에서는 말린 전초를 모전초(毛氈草)라 하고 가래를 삭이는 효능이 있어 천식 기침 백일해에 사용하고 옛날에는 폐결핵 치료에도 사용했다고 한다 뿌리 말린 것을 모고채근(毛膏菜根)이라 하며 요통 편두통에 사용했다
465,할미꽃,한자어 꽃 이름 백 옹 ( 白頭翁 ) 백발 노인 뜻 한약재 쓰이는 뿌리는 할머니 느낌 달리 강력한 성 갖고 열 독 풀 이질 치료 하며 외음부 소양증 질염 활용 된다 백 옹 특히 이질 치료 효과 뛰어나다
466,카모밀라,카모마일의 항염증 항균성 항산화는 피부의 상처들을 더욱 빨리 치료하는데 도움이 돼요 카모마일의 상처 치료 효과를 확인 하기 위한 연구에 의하면 카모마일은 피부의 염증 치료를 촉진시키는 능력이 있다는것이 알려졌습니다
467,사리풀,8 ∼ 9월 성 숙기 종자 털어 햇볕 말린 낭탕 · 천 선 ( 天仙子 ) 하며 잎 진통 · 진경 ( 鎭痙 ) 효능 있어 위통 편두통 기침 천식 악성종양 치료 하는데 쓴다 인도 치통 치료 제로 사용 되며 근육 경련 신경과민 히스테리 효능
468,시계꽃,우리는 의학적으로 효과를 가지는 것으로 알려진 시계꽃으로 연구를 진행하였다 또한 이 식물은 중추신경계에서 진정 항 불안 항염증 항 경련 효과를 나타낸다고 알려져 있다 이러한 효과들은 일반적으로 중추신경계 내 신경의 환경 유지와 스트레스 완화와 관련이 있다
469,가시독말풀,독말풀 잎 천식 기침 복통 류머티스 통증 치료 하는데 사용 된다 독말풀 꽃 천식 기침 비롯 하여 어린이 경기 복통 월경 치료 효과 좋다고 한다 독말풀 가시 열매 열려있는 모습
470,블랙엘더베리,엘더 베리 효능 엘더 베리 다양한 영양성분 항산화 성분 항산화 항 바이러스 효과 매우 뛰어납니다 기침 감기 치료 효과 염증 완화 시키는 소 염 효과 있습니다 신체 전반 면역 력 높여 줌 다양한 질병 예방 하는 효과 있습니다
471,카프리 산 및 카 프릴 산 트리글리 세라이드,- 피부표면을 수복하고 수분을 부여해주는 역할을 해주며 피부 표면의 수분이 날라가지 않게 보호막을 형성합니다 - 수분을 밀폐하는 역할로 피부 친화성이 좋은 천연보습성분입니다 - 끈적임과 번들거림이 없으며 퍼짐성과 침투성이 좋아 피부를 부드럽고 촉촉하게 만들어줍니다
472,비타민,비타민은 우리 몸에서 다양한 기능을 하는데요 몸에서 합성되지 않기 때문에 음식을 통해서 섭취를 하지요 우선 기본적으로 세포막을 안정화시키고 장기의 노화를 막는 작용과 함께 항산화 작용을 함으로써 혈관벽 노화를 막고 호르몬이나 여러 대사과정에 도움을 주는 보효소로 작용하게 됩니다
473,글리신,글리신을 복용한 그룹은 더 빨리 서파 수면에 도달했습니다 이 연구는 글리신을 복용하면 깊은 수면에 더 빨리 도달하는 데 도움이 되며 수면 리듬을 안정화하여 수면의 질을 향상시키는 것으로 나타났습니다
474,칼슙,부족하면 살찐다? 칼슘의 3가지 효능체중 및 지방 감소대장암 발생 위험 감소월경전증후군(PMS) 증상 완화
475,사카로 마이 세스 세레 비시 애,효능 시험 결과 사카 미세 스 발효 여과 물 이드 록 라디칼 DPPH 라디칼 과산화물 음이온 디칼 소거 효과 수치 높아 항산화 활 성 우수하게 나타났고 이로 인해 피부 노화 지연 시켜 줍니다
476,강황(뿌리),강황 뿌리 추출 되는 폴리페놀 성분 커큐민 강력한 항산화 효능 가져 해로운 활성산소 없앤다 면역 기능 저하 당뇨병 치매 다양한 질병 연관 된 산화 스트레스 몸 보호 한다 커큐민 암 예방 치료 하는 효과 있는 알려졌다
477,강황 추출물(95% 표준화 커큐미노이드),강황 뿌리에서 추출되는 폴리페놀 성분인 커큐민은 강력한 항산화 효능을 가져 해로운 활성산소를 없앤다 면역 기능 저하는 물론 당뇨병 치매 등 다양한 질병과 연관된 산화 스트레스로부터 우리 몸을 보호한다 커큐민은 암을 예방하고 치료하는 데에 효과가 있는 것으로 알려졌다
478,흑후추열매추출물(bioperine),항산화 항 염증 항균 성 흑 후추 식물성 피페린 강력한 항산화 특성 가진다
479,유기농 쌀(oryza sativa),쌀의 영양적 가치를 살펴보면 쌀의 전분은 뇌의 활동을 돕고 비만과 당뇨병을 예방하는데 효과적이다 쌀은 밀가루에 비해 인슐린 분비를 덜 자극함으로 체지방의 합성과 축적이 억제 되어 비만 예방이 가능하다
480,펩신,염산 ( HCl ) 펩신 ( pepsin ) 은 들어오는 음식 죽 만들어 버립니다 음식 포함 되어 있는 세균 화학 살균 하는 효과 있습니다 위산 펩신 활 성 높여 줍니다 위산 음식 들어 있는 세균 살균 합니다
481,케르세틴,퀘르세틴(케르세틴)의 대표적으로 알려져 있는 효능은 크게 5가지입니다 항산화 작용: 퀘르세틴은 파이토케미컬의 일종으로 폴리페놀 성분이 체내 활성산소를 없앱니다   항염 작용:   암 억제 및 예방:   심장질환 심혈 관계 질환의 예방:   알레르기 질환 예방:
482,셀러리 (apium graveolens) (종자 추출물),약용 채소로 사용됐던 셀러리는 눈에 수분을 공급하고 각막을 보호하는 비타민A 면역력을 향상시키는 비타민B1·B2·C 카로틴 철분이 풍부하다 특히 칼륨이 많이 들어 있어 피를 맑게 하는 정혈 효과가 크고 소변 배출을 원활하게 한다
483,생강 (zingiber officinale) (뿌리 추출물),Zingiber Officinale ( Ginger ) Root Extract * 생강 추출 물 생강 ( Zingiberacae ) 식물 유래 추출 물 경구 섭취 국소 적용 진정 강력한 항산화 작용 한다는 연구 결과
484,gaba (감마 아미노노부티르산),GABA 는 뇌 혈류 개선 산소 공급 증가 뇌 세포 기능 촉진 시켜 신경 안정 작용 하며 스트레스 해소 기억 력 증진 혈압 저하 우울증 완화 중풍 치매 예방 불면 비만 갱년기 장애 효과 있는 알려져 기능성식품 의약품 제품 개발 활발히 추진 되고
485,시스틴,효능 입 ? 습진 여드름 보조 치료 손톱 발톱 머리카락 쉽게 갈라지는 각질 부위 질환 보조 치료 사용 합니다
486,bioperine®흑후추추출물(piper nigrum)(열매),검은 후추 추출물은 소화를 돕고 날로 먹으면 위에서 단백질 분해를 돕는 염산을 방출합니다 염산은 장을 정화하고 다른 위장 장애를 예방하는 데 도움이 됩니다 피부: 피페린은 자유 라디칼 손상으로부터 피부를 보호하고 피부 색소 침착 주름 및 노화를 줄이는 항산화제로 간주됩니다
487,건조 효모,효모 모발 생 성 단백질 대사 필수 비타민 B 군인 비오틴 모발 단백질 구성 하는 시스틴 메티오닌 함유 돼 스트레스 인해 탈모 발생 하기 쉬운데 효모 스트레스 물질 억제 하는 항산화 미네랄 셀렌 아연 풍부하게 함유 돼
488,가수분해된 해양 콜라겐(냉수성 어류)(i 및 iii형 콜라겐),2021년 가수분해 콜라겐 이전 연구들을 분석한 연구 보고에 의하면 90일 정도 섭취하면 피부 주름 피부 노화 개선 피부 수분 등에 도움이 될 수 있는 것으로 보인다고 보고했습니다
489,유기농엘더베리열매분말(sambucus nigra),삼부 콜 ( Sambucol ) 이라 해서 감기 치료 제로 사용 하였습니다 뛰어난 성분 품종 딸기 많은 보고 되어 감기 예방 면역 력 강화 효과 입니다 일부 연구 엘더 베리 염증 완화 시켜주는데 매우 효과 보고 되고 있습니다
490,엘더베리(sambucus nigra)(베리추출물)(4:1),엘더베리의 효능 엘더베리는 다양한 영양성분과 항산화성분으로 항산화와 항바이러스 효과가 매우 뛰어납니다 기침과 감기 치료에 효과적이며 염증을 완화시키는 소염효과도 가지고 있습니다 신체 전반의 면역력을 높여 줌으로써 다양한 질병을 예방하는 효과를 가지고 있습니다
491,초유(최소20%igg공급[면역글로불린])(우유),초유에 들어있는 락토페린은 철분과 결합해 세균의 활동을 억제하는 항균물질입니다자연이 만들어낸 최고의 항체 초유의 효능 3가지면역 향상  장누수 증후군 예방  세균 억제
492,초유(20% 이상의 igg[면역글로불린] 공급)(우유),초유에 들어있는 락토페린은 철분과 결합해 세균의 활동을 억제하는 항균물질입니다자연이 만들어낸 최고의 항체 초유의 효능 3가지면역 향상  장누수 증후군 예방  세균 억제
493,설탕 알코올,설탕 치아 법랑 질 침식 하는 산 증식 분비 하는 반면 당알코올 충치 예방 충치 균 번식 막는다 소르비톨 에리 스리 톨 자일리톨 같은 효과 핀란드 껌 대명사 자일리톨 경우 실제 충치 예방 효과 입증 됐다
494,포도즙농축액,포도즙 10가지 효능1소화기능 강화심혈관질환 예방항암 효과눈건강빈혈 예방뼈건강허약체질 개선피로회복
495,능금산,구연산 섭취 에너지 생 성 도움 된다 구연산 에너지 ATP 원료 에너지 부족 인한 성 피로 시달리시는 구연산 마그네슘 좋다 말산 사과 산 능금 산 불린다
496,이프리플라본(7-이소프로폭시이소플라본),초록: 이프리플라본은 이소플라본의 파생물로서 골의 재흡수를 방지하여 골의 재형성을 방해함으로써 골 형성 에 도움을 준다 이프리플라본은 칼슘의 양을 안정적으로 증가시킴과 함께 골수 줄기 세포의 작용으로 세포층에 칼슘을 침착시킨다
497,쇠뜨기(equisetum arvense)(식물 지상부 추출물),대표적으로 쇠뜨기 효능은 진해 이뇨효능 항암작용 지혈작용 심장수축력 증가 동맥경화 간경화 신장염 방광염 지성피부 피부습진 세정제효과가 있고 뜨거운 피를 식혀주는 약효와 적용 질환에는 토혈 장출혈 기침 천식 임질 소변을 잘 나오게 한다
498,gaba(감마아미노부티르산),GABA 는 뇌 혈류 개선 산소 공급 증가 뇌 세포 기능 촉진 시켜 신경 안정 작용 하며 스트레스 해소 기억 력 증진 혈압 저하 우울증 완화 중풍 치매 예방 불면 비만 갱년기 장애 효과 있는 알려져 기능성식품 의약품 제품 개발 활발히 추진 되고
499,야생 지중해 오레가노(origanum vulgare)오일,오레가노 오일 나린 진 성분 함유 되어 있는데 성분 몸 있는 암세포 성장 억제시켜 준다고 합니다 나린 진 항산화 물질 이용 된다고 합니다 요로감염증 호흡기 감염 질염 기생충 감염 인후 염 안 화 근육통 효과 합니다
500,오레가노 오일(순수 오레가노 오일 45mg 함유 카바크롤 32mg 제공),오레가노 오일은 무좀 또는 다른 곰팡이 감염과 같은 미생물 감염의 치료를 위해 국소적으로 적용될 수 있습니다 연구에 따르면 오레가노가 칸디다 알비칸스의 성장을 억제하는데 매우 효과적이며 대장균 녹농균을 포함한 다양한 박테리아에 대해 항균성을 가지고 있습니다
501,노르웨이산 대구 간유,노르웨이 북극 북유럽 외딴 엥겔 베르 ( Engelvaer ) 깊고 깨끗하며 얼음 차가운 바닷물 번성 하는 생선 만들어진 칼라일 노르웨이 대구 간유 오메가 3 EPA / DHA 면역 력 좋은 비타민 A D 높은 효능 제공 합니다
502,총 오메가-3 지방산,오메가 3 지방산은 항염증 특성을 가지고 있고 콜레스테롤 혈압 우울증 증상 암 치료 중 체중 감소 심장 질환의 위험을 낮출 수 있다는 것을 보여준다
503,노르웨이산대구간유,노르웨이 북극 북유럽 외딴 엥겔 베르 ( Engelvaer ) 깊고 깨끗하며 얼음 차가운 바닷물 번성 하는 생선 만들어진 칼라일 노르웨이 대구 간유 오메가 3 EPA / DHA 면역 력 좋은 비타민 A D 높은 효능 제공 합니다
504,오메가3지방산,오메가-3는 혈소판 응집과 염증반응을 감소시키고 혈중 중성지방의 농도를 감소시키고 심박수와 혈압을 강하시켜 심혈관계 질환으로 인한 사망을 감소시키는 것으로 생각되고 있습니다
505,총 오메가-3,오랜 시간 동안 오메가-3의 효능은 과학적인 관심의 대상이 되어 왔지만 연구 결과는 일관성이 없었다 오메가 3 지방산은 항염증 특성을 가지고 있고 콜레스테롤 혈압 우울증 증상 암 치료 중 체중 감소 심장 질환의 위험을 낮출 수 있다는 것을 보여준다
506,노르웨이산 연어오일,고온 끓이거나 압 착하지 않아 영양소 파괴 최소 화 하였으며 UV 자외선 차단 산소 접촉 최소 화 특수 보틀 제작 되었습니다 오메가 3 오메가 6 풍부하 여심 혈관 질환 예방 혈액 순환 피부 피모 개선 탁월한 효과 보이 있습니다
507,총오메가3 지방산,오메가 3 지방산은 항염증 특성을 가지고 있고 콜레스테롤 혈압 우울증 증상 암 치료 중 체중 감소 심장 질환의 위험을 낮출 수 있다는 것을 보여준다
508,오메가3 지방산,오메가-3는 혈소판 응집과 염증반응을 감소시키고 혈중 중성지방의 농도를 감소시키고 심박수와 혈압을 강하시켜 심혈관계 질환으로 인한 사망을 감소시키는 것으로 생각되고 있습니다
509,오메가 -3 지방산,리놀레익애씨드를 피부에 도포 시 피부 장벽을 강화시키며 표피의 수분 손실을 억제합니다 또한 항산화 피부 진정에 효과적이라는 연구 결과가 있습니다
510,coq10(코엔자임 q10),코큐텐의 경우 활성산소 제거 효과가 탁월하여 심혈관계 질환의 예방 및 치료 면역기능 강화 노화방지 목적으로 전세계에서 널리 사용되고 있다 이 성분은 혈관이나 인체 기관의 손상을 가져오는 활성산소와 싸우는 강력한 항산화 기능을 갖고 있다
511,황,이 또한 여느 건강식품처럼 만병통치 급으로 통증완화 해독 항암 항염증 콜라겐합성 피부보호 노화방지 혈전제거 항콜레스테롤 뼈·근육 강화 이뇨 및 변비 억제 인슐린 조절작용 등 그 효능은 실로 선약(仙藥)에 가깝다
512,dpa,- 한-싱 DPA로 인한 기대효과는 ①한-싱 양자간 신남방 국가와의 디지털 통상 협력 강화 ②디지털·비대면 방식 수출 증대 및 중소·창업 기업의 아세안 진출 기회 확대 ③아·태지역 및 글로벌 디지털 통상 규범 정립에 주도적 역할 등임
513,중쇄중성지방오일(코코넛),▲ 중쇄 지방은 캔디다 변비 설사 식중독 복통 등 소화 장애를 일으키는 광범위한 병원성 바이러스와 균주 및 박테리아를 죽일 수 있습니다
514,총 오메가-3 지방산☆,오메가 3 지방산은 항염증 특성을 가지고 있고 콜레스테롤 혈압 우울증 증상 암 치료 중 체중 감소 심장 질환의 위험을 낮출 수 있다는 것을 보여준다
515,노르웨이 연어 기름,고온에서 끓이거나 압착하지 않아 영양소 파괴를 최소화 하였으며 UV 자외선 차단 및 산소 접촉을 최소화한 특수 보틀로 제작되었습니다 오메가3 오메가6가 풍부하여 심혈관 질환 예방 혈액순환 및 피부 피모 개선에 탁월한 효과를 보이고 있습니다
516,오메가 -7 (팔미 톨 레산),오메가-3는 혈소판 응집과 염증반응을 감소시키고 혈중 중성지방의 농도를 감소시키고 심박수와 혈압을 강하시켜 심혈관계 질환으로 인한 사망을 감소시키는 것으로 생각되고 있습니다
517,아 스타크 산틴,아스타크산틴은 연어 새우 게 등에 많이 들어 있는 카로티노이드의 일종으로 매우 우수한 항산화력을 갖고 있다 동맥경화를 예방하고 유해한 LDL 콜레스테롤치를 낮추며 면역력을 증강하고 염증을 억제하는 등의 효과가 있는 것으로 알려져 있다
518,실론시나몬(cinnamomum verum)(껍질),실론시나몬은 항산화항염항암에 효능이 있어 면역력을 강화하고 몇몇 종류의 암 억제에 기여할 수 있습니다 계피의 핵심성분인 신남알데히드는 항 염증 효과가 있어 혈관을 타고 돌아다니며 각종 염증등을 치료하고 콜레스테롤 수치를 개선시켜 혈압을 낮추고 심혈관 건강에 도움이 될 수 있습니다
519,msm (메틸 술 포닐 메탄),msm의 주요 효능의 첫 번째로는 통증 억제 효과가 있는데 신경섬유를 통한 통증 자극 전달을 차단해 뇌의 통증 반응을 일시적으로 막는 역할을 한다 두 번째 효능으로는 항염증 작용이 있다 msm은 염증을 매개하는 인자를 억제함으로써 우리 몸에서 항염증 작용을 한다
520,아이브라이트(euphrasia officinalis) 허브 추출물,아이브라이트는 눈 건강 뿐만 아니라 기관지염 콧물 코막힘과 같은 호흡기 질환 치료와 기침 꽃가루 알레르기 감기 증상 비강 울혈 부비동 통증을 치료하는데 도움이 되는 대체 의학에도 사용되어 왔습니다
521,아세로라체리(malpighia glabra fruit)(열매)추출물,실제로 아세로라 추출물은 피부주름개선 인지능력 향상 눈 건강 제품에 많이 활용되고 기타 노화성 질환을 완화하는 보충제에도 첨가된다 또 비타민C와 B군이 많기 때문에 전반적인 대사를 활성화시키고 피로에서 빨리 회복될 수 있도록 도와준다
522,클로라이드(글루코사민설페이트 2kci에서 유래),소듐클로라이드는 치아를 반짝반짝 빛나게 닦아주고 구취증 감소에 도움을 주거나 치아를 깨끗하게 해주고 입안 냄새도 없애줍니다 또한 소듐클로라이드는 제품에 풍미나 맛을 부여해줍니다 또한 화장품 및 퍼스널케어 제품에서 수성 부분의 점도를 증가시킬 수 있습니다
523,빌베리분말추출물(vaccinium myrtillus)(열매),[약업신문]눈의 피로 개선에 도움을 줄 수 있는 '빌베리추출물' 안토시아닌이 풍부한 '빌베리추출물'은 눈 건강에 도움을 준다 안토시아닌(또는 안토시아노사이드)은 항산화 작용으로 혈관을 보호하고 미세혈관의 혈액순환을 개선해 눈에 혈액과 영양 공급을 원활하게 한다
524,제아잔틴(금잔화꽃(marigold flower)추출물),루테인과 제아잔틴은 모두 눈 건강을 유지하는 데 중요한 역할을 합니다 이들은 색소 침착으로 높은 에너지를 발산하는 태양광을 차단함으로써 기저 조직이 손상되지 않게 보호합니다 이들은 또한 산화 스트레스로 인한 황반의 손상을 막아주는 항산화 영양소이기도 합니다
525,올리브 잎 추출물(olea europaea),피부 미백의 기능이 있으며 항산화 성분을 함유하여 세포 손상으로부터 피부를 지켜 노화를 예방하고 탄력있는 피부로 가꾸는데 도움을 줍니다 항생 항염 항바이러스 효과가 있어 피부 트러블에 도움을 주고 세균 및 바이러스를 제거해 건강한 면역력 유지에 도움을 줍니다
526,낙엽송 아라비노갈락탄(낙엽송 옥시덴탈리스) (나무),낙엽송 아라비노갈락탄은 낙엽송류의 나무에서 발견되는 천연물의 일종으로 인간 성인의 면역반응을 자극하여 면역증진 효과를 나타내는 것으로 알려져 있다 최근 들어 수많은 면역증진제들이 상용화됐지만 소아를 대상의 임상연구를 통해 약효검증을 거친 제품은 없는 형편이다
527,엘더베리농축물(베리 및 꽃),오래전부터 감기를 치료하는 민간요법으로 사용한 엘더베리에는 비타민 A B C와 안토시아닌(anthocyanin)이라는 항산화와 항바이러스 효과가 뛰어난 성분이 다른 품종의 베리류보다 훨씬 많은 것으로 보고되어 감기예방 및 면역력 강화에 효과적이다
528,암라(베리),도파민 등의 신경 전달 물질의 생성 작용 정신적 스트레스에 대한 저항력이 강합니다 탈모나 흰 머리를 방지할 수 있는 것으로도 알려져 있습니다 천연 비타민 C 함유랑 이 매우 높다는 점 입니다
529,포도껍질 및 씨추출물(프로안타시아나딘),본 연구를 통하여 포도껍질 추출물은 항산화능과 주름개선 효능이 높은 반면 미백 효능은 낮은 것으로 확인되었다 추출물에 편백수를 적절히 혼합함으로써 항산화능과 주름개선 효능이 우수할 뿐만 아니라 미백 효능도 향상되었다
530,프락토올리고당(fos),[프락토올리고당 효능] 다이어트에 필수 프락토올리고당의 3가지 효능변비개선혈당 및 체중 감소영양소 흡수 개선
531,suntheanine®(l-테아닌),엘 테아닌(L-THEANINE)은 불안정한 개인의 침착성 경각심 뇌 기능을 향상시키는 데 도움을 줄 수 있습니다 엘 테아닌은 신체적 정신적 스트레스를 완화하고 인지 기능 개선 및 기분 전환에 도움이 된다는 연구 결과들이 있습니다
532,초유(우피),초유에 들어있는 락토페린은 철분과 결합해 세균의 활동을 억제하는 항균물질입니다자연이 만들어낸 최고의 항체 초유의 효능 3가지면역 향상  장누수 증후군 예방  세균 억제
533,대구 간유,대구간유 (Cod Liver Oil)은 누구에게 적합한가?EPA DHA 비타민 D 및 비타민 A를 함유하고 있습니다정상적인 심장 기능을 유지하는데 도움을 줍니다정상적인 혈압과 혈중 트리글리세라이드 수치를 유지하는데 도움을 줍니다
534,소팔메토가루(serenoa repens)(열매),쏘팔메토 추출물(Serenoa repens)은 톱야자나무의 열매 추출물로 전립선 세포의 증식속도를 둔화시켜 전립선비대증 완화에 도움을 주는 것으로 알려져 알려져 최근 국민들의 관심이 높다
535,은행나무추출물(잎)(50:1 농축물),은행나뭇(Ginkgo biloba)잎 추출물은 오랫동안 중국에서 다양한 건강 이상에 대한 한약으로 이용되어 왔다 규격화된 추출물은 기억 장애나 주의력 장애 착란 우울증 불안 현기증 이명 두통 등의 치료에 널리 처방되고 있다
536,폴레이트,비타민 B9은 엽산(폴레이트)으로 자연에서 만들어지는 필수 영양소 입니다 폴레이트가 천연유래 성분이라는 의미입니다 엽산은 신체에서 중요한 기능을 합니다 세포 성장과 DNA 형성에 중요한 역할을 합니다
537,콜린 (bitartrate),콜린은 지방 대사에 관여하여 지방간이나 혈중 과다 지방 상태를 예방하는 데 유용한 물질입니다 더불어 콜린의 효율적인 지방 대사는 더 높은 수준의 포만감과 관련이 있어 전반적인 체중 감소에도 도움을 주는데요
538,콘드로이친 황산염,"황 약사는 ""콘드로이틴 황산염은 생체 조직 대부분에 존재하며 연골 기질 성분의 생성을 자극한다는 이론이 형성돼 있다""면서 ""결합조직 안정화 연골 막 보호 윤활작용 등 여러 효과가 증명돼 있다""고 설명했다"
539,어유 농축액,어유의 EPA 성분은 뇌경색과 심근경색 등 뇌혈관질환의 원인인 동맥경화를 일으키는 혈전의 생성을 예방하고 혈행을 원활하게 하는 효과가 있다 또한 콜레스테롤과 중성지방의 수치를 낮추는 효과도 있으며 면역력 강화와 항염 작용도 한다고 알려졌다
540,알리신,마늘 속 주요 생리활성 물질인 알리신은 항암효과뿐 아니라 콜레스테롤을 억제하여 심혈관 질환 예방효과를 가진 것으로 알려져 있습니다 이러한 알리신은 알리나제 효소 작용에 의해 생기게 되는데 알리나제는 산과 열에 약한 특성을 지니고 있습니다
541,글루코사민 황산염 • 2kcl,글루코사민 황산염은 허리 통증 (요추 근처의 통증) 치료에 관해 연구되었다 글루코사민 황산염을 단독으로 사용한 치료나 칼륨과 함께 사용하는 치료는 통증 감소에 도움이 될 수 있다
542,대두 이소플라본 추출물 분말(최소 40% 이소플라본으로 표준화됨)(씨앗),이소플라본은 높은 항산화력을 갖으며 혈청지질의 산화방지에 효과를 발휘 하고 암 예방에도 효과가 있다 여성호르몬작용과 경우에 따라서 길항작용을 갖고 유방암 갱년기장해 골다공증의 예방 월경 전 징후군의 개선에 효과가 있고 혈관기능의 개선과 피부의 미용소재로 기대가 높다
543,염화물(포타슘클로라이드),피부소독제 손세정제 보습제 모발 관련 제품 등 개인 위생용품의 살균제(보존제)로도 많이 사용합니다 벤잘코늄염화물은 과산화수소나 에탄올 소독제와 다르게 상처부위에 자극을 주지 않고 소독할 수 있는 장점이 있습니다
544,가수분해 콜라겐,2021년 가수분해 콜라겐 이전 연구들을 분석한 연구 보고에 의하면 90일 정도 섭취하면 피부 주름 피부 노화 개선 피부 수분 등에 도움이 될 수 있는 것으로 보인다고 보고했습니다
545,리코펜,라이코펜은 사람의 몸에서 가장 흔한 카로티노이드이며 효능이 좋은 항산화 물질로도 알려져 있습니다 암 관상동맥질환 그리고 노화 등에서의 라이코펜(lycopen)의 항산화 능력을 통한 질병예방 효과와 다양한 건강증진 효과에 대해 설명하는 연구들이 보고되고 있습니다
546,글루코사민설페이트•2kci,글루코사민은 완충제 및 관절 윤활제 작용을 하여 관절 뼈 및 근육통을 줄이며 항염증 및 노화 방지 특성을 가지고 있습니다 및 염증성 장 질환의 치료에도 도움이 되는것으로 나타났습니다
547,젤라틴(캡슐 내용물 및 캡슐 껍질),젤라틴은 피부 진피층의 약 70%를 구성하는 콜라겐을 가공했기 때문에 피부를 탱탱하게 만들어줍니다 또 칼로리가 낮지만 포만감이 높아 다이어트에도 큰 도움이 됩니다 아르기닌 글리신 등 필수 아미노산이 풍부해 근력 강화와 함께 관절질환도 예방해줍니다
548,알파리놀렌산(오메가3),알파-리놀렌산은 효능에 대한 논란이 많다 알파-리놀렌산도 다른 오메가3들처럼 심혈관 질환의 위험성을 낮추고 혈전위험을 낮춘다는 연구결과가 존재한다
549,리놀렌산(오메가6),[감마리놀렌산 효능] 여성 건강과 이너뷰티를 한 번에 감마리놀렌산의 4가지 효능폐경기 고혈압 및 복부 비만 개선요요 현상 감소피부 장벽 강화염증성 및 비염증성 여드름 병변 감소
550,올레산(오메가9),오메가-9 지방산이 심혈관 질환 및 뇌졸중 위험을 낮추는 데 도움이 될 수 있다 오메가-9는 오메가-9가 HDL 콜레스테롤 (좋은 콜레스테롤)을 증가시키고 LDL 콜레스테롤 (나쁜 콜레스테롤)을 감소시키는 것으로 나타났기 때문에 심장 건강에 도움이 된다
551,생선 기름,연어 참치 고등어와 같은 생선에 많이 함유되어 있는 오메가3 불포화 지방산은 심장질환은 물론 동맥경화 염증 고혈압 당뇨 류머티즘성 관절염의 예방에 탁월한 효과가 있을 뿐 아니라 두뇌발달과 성장발육에 큰 역할을 한다
552,아마씨 오일,아마씨의 오메가3 지방산 알파리놀렌산은 강력한 항 염증 효능이 있어 관절염이나 피부염 등의 염증을 개선하는데 도움을 줍니다 사실 폐렴 환자들이 기침할 때 1티스푼 정도를 마시게 하면 아주 효과가 좋습니다
553,리 놀레 익산 (오메가 -6),감마리놀렌산 7가지 효능 효과 부작용 : 달맞이꽃 종자유혈중 콜레스테롤의 저하혈압의 정상화혈액 응고를 저지하는 항혈전 등에 효과있음비만증 예방월경 전조증 예방피부 건강 유지노화 예방
554,올레산 (오메가 -9),불포화지방산중 올레산은 심혈관계 질환과 당뇨에 도움이 됩니다 또한 풍부한 비타민E 비타민K 셀레늄은 신체조직의 노화와 변성을 막고 산화작용을 억제하는 효능이 있습니다 또한 시력과 면역을 증진시키는 아연이 풍부하여 성장기의 아이들의 간식으로 좋은 견과류입니다
555,보리 지 오일,보리지오일은 피부조직을 건강하고 탄탄하게 하는데 효과적이며 각종 자극으로 붉어진 피부 진정 보습에 좋습니다 감마리놀렌산(GLA)를 많이 함유하고 있어서 피부를 청결하고 매끄럽게 유지 해 줍니다 비누 및 화장품 원료로만 사용할 수 있으며 용도 외 사용을 금합니다
556,트리플 오메가 복합체 3-6-9,오메가 369 가 한알에 모두 함유하고 있습니다 심장의 건강을 유지해주는 필수 지방산 결정판입니다 소프트타입의 필수지방산 섭취제입니다 오메가3는 혈관 질병 발생을 예방해 주는 역할을 해줍니다
557,아마씨오일,대변 양을 늘리고 규칙적인 배변활동을 하는데 도움을 줍니다 이로 인해 소화기관의 건강을 증진시키고 변비와 과민성 대장증후군 게실염 개선에도 효과적으로 작용합니다 이외에도 갱년기 증상 완화 다이어트 도움 노화 예방 여성 질환 개선 피부 미용 효과 등 다양한 효능이 있습니다
558,알파 리놀렌산(오메가3),알파-리놀렌산은 효능에 대한 논란이 많다 알파-리놀렌산도 다른 오메가3들처럼 심혈관 질환의 위험성을 낮추고 혈전위험을 낮춘다는 연구결과가 존재한다
559,보리지오일,보리지오일은 피부조직을 건강하고 탄탄하게 하는데 효과적이며 각종 자극으로 붉어진 피부 진정 보습에 좋습니다 감마리놀렌산(GLA)를 많이 함유하고 있어서 피부를 청결하고 매끄럽게 유지 해 줍니다 비누 및 화장품 원료로만 사용할 수 있으며 용도 외 사용을 금합니다
560,감마 리놀렌산(오메가6),[감마리놀렌산 효능] 여성 건강과 이너뷰티를 한 번에 감마리놀렌산의 4가지 효능폐경기 고혈압 및 복부 비만 개선요요 현상 감소피부 장벽 강화염증성 및 비염증성 여드름 병변 감소
561,홍국쌀(monascus purpureus),이상의 결과로부터 홍국쌀의 섭취가 혈액과 간의 지질 대사 개선 효능을 가지며 항산화효소의 활성화를 통해 ROS에 의한 세포 손상을 억제할 뿐 아니라 LDL 콜레스테롤의 산화도 억제할 것으로 예상되므로 심혈관계 질환에 대한 예방 효과가 있을 것으로 사료된다
562,콘드로이틴 황산,콘드로이친황산 효능골관절염 환자의 통증 ∙ 기능 개선골관절염 환자의 관절 붓기 개선골관절염 환자의 운동 능력 개선
563,수용성 섬유소,수용성 식이섬유소는 과일류 해조류 견과류에 들어있으며 콜레스테롤과 중성지방을 낮추어 심혈관 질환을 예방합니다 또한 당의 흡수를 늦추어 당뇨병을 예방하고 치료에 도움이 됩니다 그리고 오랫동안 포만감을 느끼게 하여 체중조절에 도움이 됩니다
564,시나몬(cinnamomum cassia)껍질,시나몬 스틱은 바로 육계나무 껍질 이랍니다! 뛰어난 항균 기능 외에도 피부 진정 및 보습에 효과가 좋습니다
565,l-아르기닌(l-아르기닌 염산염에서 추출),정자 생성촉진 아연과 카르니틴 및 coenzyme Q10과 병용하여 불임 치료 성장호르몬 방출 촉진작용과 근육 보존 체지방 감소작용 등 다양한 효능 및 역할을 하고 있습니다
566,보론(붕산염),보론의 건강효과는 크게 3가지이며 뼈 건강 항암(특히 전립선 자궁 경부 폐) 건강한 노화입니다
567,주석(염화주석),(통조림 캔의 내부는 주석으로 도금 처리됨) - 동의보감에 의하면 석분(錫粉=주석가루)을 청목향과 혼합아여 창종의 약독을 다스렸다 - 최근에는 주석화합물의 항암활성기능이 밝혀졌다
568,실리콘(이산화 규소),실리카는 잘 알려져 있듯이 혈관과 근육 조직을 튼튼하고 유연하게 하는 데 도움이 됩니다 또한 실리카는 콜레스테롤 수치를 낮추고 동맥 경화의 위험을 줄여 고혈압과 심장 건강을 보호할 수 있다고 합니다
569,바나듐(소듐메타바나데이트),일부 연구에 따르면 바나듐은 콜레스테롤 수치를 낮추어 심혈관 질환 발병을 예방하는것으로 나타났습니다 바나듐은 또한 조직 배양에서 인간 전립선 암 세포의 성장을 억제하고 뼈 암(골종양)과 간암을 감소시키는 것으로 나타났습니다
570,글루코사민 hci,글루코사민을 섭취하여 우리 몸에 뼈와 뼈 사이의 이음역할을 하는 관절을 보호해야 합니다 MSM은 관절의 연골 및 인대조직을 구성하는 콜라겐을 형성하는데 필요한 중요한 요소로써 관절 및 연골의 건강에 도움을 줄 수 있습니다
571,콘드로이틴황산염,콘드로이틴 황산염이 효과가 있습니까?관절 통증 감소관절 이동성 개선예를 들어 콘드로이틴 황산염과 글루코사민을 6~24개월 동안 복용할 때 기존의 항염증제 용량 감량 허용
572,코엔자임 q-10,코큐텐의 경우 활성산소 제거 효과가 탁월하여 심혈관계 질환의 예방 및 치료 면역기능 강화 노화방지 목적으로 전세계에서 널리 사용되고 있다 이 성분은 혈관이나 인체 기관의 손상을 가져오는 활성산소와 싸우는 강력한 항산화 기능을 갖고 있다
573,쇠뜨기 분말(지상부),그러기에 쇠뜨기는 골다공증에 효과가 좋다 122명의 이탈리아 여성을 대상으로 한 연구에서도 쇠뜨기 건조 분말을 복용한 사람들은 골밀도가 증가하였다고 한다 그리고 이 성분은 조직을 튼튼하게 하고 수축시키는 작용이 있어서 어린이들의 요실금이나 야뇨 증상에도 사용된다
574,콜라겐(가수분해 젤라틴),콜라겐은 연골의 연골아세포를 활성화시켜 콜라겐과 콜라겐을 싸고 있는 프로테오글리칸을 만들어내는 유전자를 자극시킨다 이를 통해 증가된 연골조직 내 콜라겐이 퇴행성관절염 중 발생하는 연골조직과 연골하골의 손상을 억제시키며 근본적인 관절 관리가 가능하다
575,블랙엘더베리(sambucus nigra l.),블랙 엘더베리의 추출물에는 폴리페놀 안토시아닌 안티바이린 비타민 플라보노이드 미네랄 등이 함유돼있다 엘더베리의 건강상 효과를 밝힌 연구결과을 살펴보면 호흡기 질환이 눈에 띈다
576,커피열매추출물(아라비카커피),커피 열매 추출물은 래트(Rat)의 근육세포 내로의 포도당 섭취를 증가시켜 혈중 포도당 농도를 낮추는 효과를 나타내며 세포 독성은 나타내지 않는다 따라서 상기 커피 열매 추출물을 당뇨병 예방 및 치료용 조성물의 유효성분으로 사용할 수 있다
577,포스파티딜세린,그동안의 연구와 임상결과 등을 통해 포스파티딜세린은 ▲기억력 집중력 저하 억제 ▲알츠하이머증 초기의 치매증 개선 ▲정신불안의 해소 ▲스트레스 내성 향상 ▲어린이들의 ADHD(주의력결핍증) 개선 등의 효과를 확인했다
578,마늘 구근(알리신 최소 10000ppm),mg 플로 는 농약과 혹성 이 왜 안정적이고 이 표면에 mg 쿨러가 코팅 되면서 또 오랜 기간 마그네슘을 꾸준하게 공급해 줄 수 있기 때문에 6세기 푸르게 돌아오고 입 두께도 상당히 두터워서 광합성 증진에 매우 효과적입니다
579,tribulus terrestris 추출물 (과일) (사포닌 최소 45%),트리블러스 테레스트리스 (Tribulus운동성능 향상 남가새는 호르몬의 조절을 통한 빠른 근육의 증가와 회복의 가속화 및 지구력 증가를 원하시는 선수들에게 적합한 식품입니다  성욕 증가  발기 부전의 치료
580,총오메가,오메가3는 비타민C만큼이나 인기가 높은 건강기능식품이다 식품의약품안전처에서 ▲혈중 중성지방 개선 ▲혈행 개선 ▲기억력 개선 ▲안구 건조 증상 개선 등 총 4가지 기능성을 인정받은 원료다 보니 오메가3는 온갖 효과를 얻을 수 있는 만능 건강기능식품으로 여겨지기도 한다
581,기타 오메가,오메가3는 비타민C만큼이나 인기가 높은 건강기능식품이다 식품의약품안전처에서 ▲혈중 중성지방 개선 ▲혈행 개선 ▲기억력 개선 ▲안구 건조 증상 개선 등 총 4가지 기능성을 인정받은 원료다 보니 오메가3는 온갖 효과를 얻을 수 있는 만능 건강기능식품으로 여겨지기도 한다
582,초유(소 초유),초유에 들어있는 락토페린은 철분과 결합해 세균의 활동을 억제하는 항균물질입니다자연이 만들어낸 최고의 항체 초유의 효능 3가지면역 향상  장누수 증후군 예방  세균 억제
583,면역글로불린(igg),IgG는 수많은 병원체 예를 들면 바이러스나 세균 진균 등과 결합하여 신체 조직이 감염되지 않도록 한다 IgG가 병원체에 결합하면 병원체는 이동하는 능력이 떨어지고 서로 응집된다 IgG가 병원체 표면을 둘러싸면(옵소닌화) 포식성 면역 세포가 그것을 인지하고 병원체를 제거한다
584,꿀벌 프로폴리스 추출물(2x),둘째 꿀벌은 벌집의 틈이 난 곳에 프로폴리스를 발라 병균이나 바이러스로부터 스스로를 보호하는데 이는 다양한 유기물 및 무기질을 함유하여 민감한 피부를 진정시키고 항알레르기 항염 항박테리아성 항균 역할을 합니다
585,꿀벌 프로폴리스 수지 추출물(2:1)(꿀벌 프로폴리스 1000mg 상당량),프로폴리스추출물 효능 또한 체내에서 활성산소를 제거하는 유일한 방어물질은 SOD효소의 작용을 촉진시켜 활성산소와 합성하는 과정을 통해 중화시키게 되어 고혈압 당뇨 성인병의 주 원인인 활성산소를 억제하고 중화하는 역할을 수행합니다
586,유기농마카(lepidium meyenii)(뿌리),마카가는 강화와 보호 작용을 하기 때문에 전통적으로 약용 식물로 사용되었다 마카는 항산화작용과 세포보호작용을 할 뿐만 아니라 마카아민과 다른 제품 특유의 성분을 통해 활성화된다 쥐를 대상으로 한 연구에서 마카는 운동 후 육체의 피로 회복을 촉진하는 뚜렷한 항피로 효과를 보였다
587,로얄젤리(최소 6% 10-hda로 표준화),생로얄제리 중에는 비타민류나 풍부한 영양소가 많이 함유되어 있는데 특히여성의 피부를 윤택케하는 아세틸콜린의 신경전달물질과 근육 뼈 치아 등을 젊게하며 노화방지를 하는 타액선 호로몬인 파로틴유사물질이 다량 함유되어 있습니다
588,밀크시슬 추출물(silybum marianum)(씨)(실리마린 80%로 표준화),밀크씨슬 추출물의 유효성분인 실리마린은 항산화 · 항염증 활성을 보이는 플라보노이드 화합물로서 간에서 글루타치온 생성을 증가시켜 간 조직의 항산화 능력을 향상시키고 염증 유발물질의 생성을 억제해 해독작용에 기여하는 것으로 알려져 있습니다
589,털민들레추출물(taraxacum mongolicum)(뿌리),민들레 추출물은 헬리코박터균에 대한 항균효과가 있어 십이지장궤양 만성 위염의 예방에 탁월하며 위장 장애를 일으키는 간접적 요인인 활성산소를 제거하는데 도움을 준다
590,아티초크추출물(cynara scolymus)(잎),아티초크 효능기능성 소화불량 개선간 건강 · 혈중 중성지방 · 콜레스테롤 개선고혈압 환자의 수축기 · 이완기 혈압 개선
591,강황추출물(curcuma longa)(뿌리줄기),강황 뿌리에서 추출되는 폴리페놀 성분인 커큐민은 강력한 항산화 효능을 가져 해로운 활성산소를 없앤다 면역 기능 저하는 물론 당뇨병 치매 등 다양한 질병과 연관된 산화 스트레스로부터 우리 몸을 보호한다 커큐민은 암을 예방하고 치료하는 데에 효과가 있는 것으로 알려졌다
592,생강(zingiber officinale)(뿌리줄기),생강의 진저롤 성분 소화기 개선과 면역력 증진에 도움 몸을 따뜻하게 하는 효능 있어 냉증과 생리통 완화에 효과세균 퇴치  구내 건강  구토 메스꺼움을 가라앉힌다  근육 통증 감소  골관절염 증상 완화  항암효과  혈당 완화에 도움  소화불량 개선
593,흑후추추출물(piper nigrum)(열매)(피페린 95%로 표준화),한 연구에 따르면 흑후추의 피페린이 동맥경화증 당뇨병 암과 같은 질병의 진행을 막거나 늦출 수 있는 것으로 밝혀졌다 인간을 대상으로 흑후추와 피페린의 항염증 효과에 대한 연구는 없지만 몇몇 설치류 연구는 피페린이 염증을 완화시키는 데 도움이 될 수 있다는 것을 시사한다
594,가수분해해양콜라겐펩타이드,2021년 국내 모기업 연구진들이 발표한 논문에서는 콜라겐 트리펩타이드가 풍부한 가수분해물물인 AP 콜라겐 펩타이드 효과를 조사한 연구 결과를 보고했었는데요 코티졸에 의해 매개되는 콜라겐 유형 1억제를 예방하는 데 효과적이라고 보고하며 AP 콜라겐 펩타이드가 피부 건강을 개선할 수
595,크릴오일(조개 및 갑각류추출물),"한국지질·동맥경화학회는 ""크릴오일의 이상지질혈증에 대한 대규모 연구는 아직 없으나 메타분석결과 크릴오일을 복용했을 때 중성지방과 저밀도 콜레스테롤은 감소하고 고밀도 콜레스테롤은 증가한다는 보고가 있었다""고 밝혔다"
596,아스타잔틴(크릴오일추출물),아스타잔틴은 새우나 게 연어의 붉은색을 띄는 성분이며 아스타잔틴의 항산화 효과는 수많은 실험을 통해 비타민 C의 6000배 코엔자임큐텐의 800배 비타민 C의 550배 항산화력이 뛰어난 지구상 가장 강력한 항산화 성분으로 알려져 있습니다
597,크릴오일,"한국지질·동맥경화학회는 ""크릴오일의 이상지질혈증에 대한 대규모 연구는 아직 없으나 메타분석결과 크릴오일을 복용했을 때 중성지방과 저밀도 콜레스테롤은 감소하고 고밀도 콜레스테롤은 증가한다는 보고가 있었다""고 밝혔다"
598,아스타잔틴,[아스타잔틴 효능] 눈 건강부터 항산화까지 아스타잔틴의 효능 3가지안구 건조증 개선DNA 손상 개선염증 및 수축기 혈압 감소
599,크릴 오일(조개 및 갑각류 추출물),"한국지질·동맥경화학회는 ""크릴오일의 이상지질혈증에 대한 대규모 연구는 아직 없으나 메타분석결과 크릴오일을 복용했을 때 중성지방과 저밀도 콜레스테롤은 감소하고 고밀도 콜레스테롤은 증가한다는 보고가 있었다""고 밝혔다"
600,아스타잔틴(크릴 오일 추출물),[아스타잔틴 효능] 눈 건강부터 항산화까지 아스타잔틴의 효능 3가지안구 건조증 개선DNA 손상 개선염증 및 수축기 혈압 감소
601,아스타잔틴(헤마토코쿠스플루비알리스에서 추출)(astalif®),다양한 이점이 있는 것으로 알려져 있습니다아스타잔틴 효능① 항산화 효과 ② 면역력 강화  ① 항산화 효과 아스타잔틴은 강력한 항산화 성분으로  ② 면역력 강화 아스타잔틴은 면역 체계를 강화하는데  ③ 피부 건강 개선  ④관절 건강 증진  ⑤ 심혈관 건강 개선  ⑥ 눈건강 향상
602,아스타잔틴(헤마토코쿠스 플루비알리스에서 추출)(astalif®),[아스타잔틴 효능] 눈 건강부터 항산화까지 아스타잔틴의 효능 3가지안구 건조증 개선DNA 손상 개선염증 및 수축기 혈압 감소
603,l-타우린,이제까지 밝혀진 타우린의 생리기능은 뇌의 교감신경에 대해 억제작용을 나타내어 혈압의 안정화 및 뇌졸중의 예방에 도움이 되고 심장의 저칼슘 상태에서 심근의 수축력이 저하할 때 수축력을 증가시키고 역으로 고칼슘의 경우 수축력을 감소시켜 부정맥이나 심부전에 유효하다고 알려져 있다
604,피쉬 오일(alaskomega®),피쉬 오일을 적당량 챙겨 먹으면 다음의 효과가 있다1 # 계절성알레르기를 치료해준다  심장 건강에 좋다  피부 상태를 개선한다  뇌 건강을 향상한다  눈 관련 문제를 치료해준다  뇌졸중을 예방한다  우울증과 불안장애가 생기는 것을 예방해준다
605,블랙커민오일(nigella sativa)(씨),블랙커민은 지중해·북아프리카·서남아시아 등에서 재배되고 오일·가루 추출물 등의 형태로 천식 기관지염 류마티스관절염 두통 요통 불안 염증 등 다양한 질환에 사용되고 있다 블랙커민 핵심 성분인 티모퀴논이 효능을 보였는데 이는 블랙커민이 학계서 주목받는 이유기도 하다
606,제아잔틴(금잔화꽃추출물에서 추출)(tagetes spp.)(mgold™),루테인과 제아잔틴은 모두 눈 건강을 유지하는 데 중요한 역할을 합니다 이들은 색소 침착으로 높은 에너지를 발산하는 태양광을 차단함으로써 기저 조직이 손상되지 않게 보호합니다 이들은 또한 산화 스트레스로 인한 황반의 손상을 막아주는 항산화 영양소이기도 합니다
607,혼합토코페롤(디-알파 디-베타 디-감마 디-델타),구성 영양성분의 산화를 막아 피부 건강을 유지하는데 도움이 된다 피부에서의 항산화효과로 피부노화를 방지하는데 도움을 준다
608,c-피코시아닌,일례로 피코시아닌은 담즙 색소와 같이 지방의 소화를 도와주고 면역조절 기능 항산화 항암 항혈액응고 및 항바이러스 효과 등을 의료에 이용하기 위한 연구가 이루어지고 있다
609,총카로티노이드,대표적인 효능으로 나쁜 콜레스테롤인 LDL콜레스테롤과 총 콜레스테롤 수치를 낮추고좋은 콜레스테롤인HDL 콜레스테롤을 높여 심장 건강에 도움을 준다는 것입니다
610,베타카로틴,베타카로틴은 비타민 A의 주요 공급원입니다 시력에 중요한 영양소인 비타민 A는 야맹증과 안구 건조증을 예방하며 포유류의 눈 발달에 중요한 역할을 합니다
611,가수분해콜라겐펩타이드,논문 등에 따르면 콜라겐은 종류에 상관없이 5000Da 정도의 가수분해 콜라겐이면 섭취 후 2시간 안에 최대 농도로 흡수된다 다시말해 흡수된 콜라겐 펩타이드는 피부에 도달해 일정 기간 유지효과(섬유모세포·진피 내 콜라겐 증가)를 발현해 주름 감소에 도움을 줄 수 있다
612,프랑스산 포도씨추출물(vitis vinifera)(vitaflavan®),'프랑스산 포도씨 추출물'을 실제로 섭취한 유저들은 주로 붓기 개선(30%) 저림 개선(23%) 수면질 개선(23%)등의 효과를 경험했어요
613,프랑스해송(pinus pinaster)껍질추출물(oligopin®),강력한 천연 항산화 물질 피부노화방지에 효과적 프랑스 해송(海松)은 거친 바닷바람 바다의 습기 뜨거운 태양열 등 열악한 자연환경에서 자라 5~10cm 정도의 두꺼운 껍질이 형성된다 이 껍질 내부에 항균·항암·항바이러스 및 항알레르기 작용을 하는 플라보노이드가 다량 함유되어 있다
614,l-테아닌(alphawave),엘 테아닌(L-THEANINE)은 불안정한 개인의 침착성 경각심 뇌 기능을 향상시키는 데 도움을 줄 수 있습니다 엘 테아닌은 신체적 정신적 스트레스를 완화하고 인지 기능 개선 및 기분 전환에 도움이 된다는 연구 결과들이 있습니다
615,자연산 피쉬 오일 농축액,두번째 효능은 협심증과 심장마비 예방인데요두번째 효능은 협심증과 심장마비 예방인데요오메가3는 혈소판이 혈관벽에 붙는 것을 막아혈전(피딱지)형성을 방지해 혈관을 보호하는 작용을 하구요또한 부정맥에 효능이 있고 돌연 심장사를 줄인다는 연구 결과가 있으며
616,코엔자임 q10 usp(유비퀴논),코엔자임Q10은 우리 몸의 모든 세포에 존재하며 에너지 생성에 중요한 역할을 한다혈압을 낮추는 데 도움을 준다  피로 해소에 도움을 준다  항산화를 통해 노화를 억제할 수 있다  심장을 튼튼하게 해 준다
617,프로로퀴놀린 퀴논 다이소듐 소금(pqq),그 효능으로는 뇌기능으로 인식 능력 판단능 력 기분 향상 기억 유지 NGF 증강 등이고 항산화작용으로 백내장 방지 과산화지질 방지 심경색·뇌경색의 장해방지 방사성 장해방지 등 이 있고 세포활성 기능으로 미토콘드리아 활성화 콜레스테롤 저하 세 포증식 촉진 피부 개선
618,가수분해마린콜라겐펩타이드,2019년 이후 많은 연구 논문에서는 경구 가수분해 저분자 콜라겐 및 마린 콜라겐 펩타이드가 피부 회복 피부 재생 안티에이징 피부 수분력 향상에 도움이 된다는 보고들을 내놓기 시작합니다
619,총 오메가3지방산(tg),오메가 3 지방산은 항염증 특성을 가지고 있고 콜레스테롤 혈압 우울증 증상 암 치료 중 체중 감소 심장 질환의 위험을 낮출 수 있다는 것을 보여준다 그러나 오메가-3 섭취는 갑작스러운 사망과 뇌졸중을 포함한 심각한 심장 질환 관련 결과의 위험을 줄이지는 못한다
620,코엔자임 q10 usp(유비데카레논),코엔자임큐텐은 이러한 활성산소를 안정된 분자구조로 바꾸어 주는 항산화제로 작용한다 유비퀴논은 스스로 항산화제로 작용할 뿐만 아니라 비타민E가 항산화제로 작용할 수 있도록 활성화시키는 역할을 한다
621,pqq(pureqq 피롤로퀴놀린 퀴논 추출물),그 효능으로는 뇌기능으로서 인식 능력 판단능력 기분 향상 기억 유지 NGF 증강 등이고 항산화작용으로서 백내장 방지 과산화지질 방지 심경색·뇌경색의 장해방지 방사성 장해방지 등이 있고 세포활성 기능으로서 미토콘드리아 활성화 콜레스테롤 저하 세포증식 촉진 피부 개선
622,콜린(알파-gpc 75mg 추출물),콜린은 지방 대사에 관여하여 지방간이나 혈중 과다 지방 상태를 예방하는 데 유용한 물질입니다 더불어 콜린의 효율적인 지방 대사는 더 높은 수준의 포만감과 관련이 있어 전반적인 체중 감소에도 도움을 주는데요
623,기타오메가3지방산,오메가-3는 혈소판 응집과 염증반응을 감소시키고 혈중 중성지방의 농도를 감소시키고 심박수와 혈압을 강하시켜 심혈관계 질환으로 인한 사망을 감소시키는 것으로 생각되고 있습니다
624,제아잔틴(천수국꽃추출물 유래) (매리 골드 종),루테인과 제아잔틴은 모두 눈 건강을 유지하는 데 중요한 역할을 합니다 이들은 색소 침착으로 높은 에너지를 발산하는 태양광을 차단함으로써 기저 조직이 손상되지 않게 보호합니다 이들은 또한 산화 스트레스로 인한 황반의 손상을 막아주는 항산화 영양소이기도 합니다
625,제아잔틴(금잔화추출물)(tagetes erecta)(꽃),루테인과 제아잔틴은 모두 눈 건강을 유지하는 데 중요한 역할을 합니다 이들은 색소 침착으로 높은 에너지를 발산하는 태양광을 차단함으로써 기저 조직이 손상되지 않게 보호합니다 이들은 또한 산화 스트레스로 인한 황반의 손상을 막아주는 항산화 영양소이기도 합니다
626,코엔자임q10(유비퀴논usp),코큐텐의 경우 활성산소 제거 효과가 탁월하여 심혈관계 질환의 예방 및 치료 면역기능 강화 노화방지 목적으로 전세계에서 널리 사용되고 있다 이 성분은 혈관이나 인체 기관의 손상을 가져오는 활성산소와 싸우는 강력한 항산화 기능을 갖고 있다
627,후추추출물(piper nigrum)(열매)(피페린 95%로 표준화),즉 후추추출물 속에 들어있는 활성 페놀성분인 피페린을 연구해본 결과 항염과 항관절염 효과가 있고 또 통증감각도 완화해주는 것을 발견한 것이다 그 이유는 피퍼린이 염증을 유발하는 인터루킨 6인 MM13을 억제하기 때문이다
